SpeciesID,Specific STRs Count,STRs
128,210,(AAAAAAC)3,(AAAAAAG)3,(AAAAAAT)3,(AAAAACA)3,(AAAAATA)3,(AAAATAA)3,(AAACAAA)3,(AAATAAA)3,(AACAAAA)3,(AACCGGC)3,(AAGTCCA)3,(AATAAAA)3,(ACAAAAA)3,(ACATGAT)3,(ACCACAC)3,(ACCAGAG)3,(ACCCCCC)3,(ACCGGAG)4,(ACCGGCA)3,(AGACCAG)4,(AGACCGG)4,(AGAGACC)3,(AGCCCGG)4,(AGCCCGG)8,(AGGGTTG)3,(AGTCCAA)3,(AGTCCAG)3,(ATACATG)3,(ATAGATT)3,(ATTTTTT)3,(CAAAAAA)3,(CAAAGTC)3,(CAACCGG)3,(CAGAGAC)3,(CATGATA)3,(CCAAAGT)3,(CCACACA)3,(CCAGAGA)3,(CCCCACC)3,(CCCCCAC)3,(CCCCCCA)3,(CCCGGAG)4,(CCCGGAG)7,(CCGCCTG)3,(CCGGAGA)3,(CCGGAGC)4,(CCGGAGC)7,(CCGGAGT)3,(CCGGCAA)3,(CCTGTTT)3,(CGCCTGC)3,(CGGAGAC)4,(CGGAGCC)3,(CGGAGCC)4,(CGGAGCC)8,(CGGAGTC)3,(CGGCAAC)3,(CTATATG)3,(CTGTATT)3,(CTGTTTC)3,(CTTTTTT)3,(GACCAGA)4,(GACCGGA)4,(GAGACCA)3,(GAGACCG)4,(GAGCCCG)4,(GAGCCCG)8,(GAGGGAG)3,(GCAACCG)3,(GCCCGGA)3,(GCCCGGA)7,(GCCTGCC)3,(GCTATAT)3,(GGAACCA)3,(GGAGACC)4,(GGAGCCC)3,(GGAGCCC)4,(GGAGCCC)8,(GGAGTCC)3,(GGCAACC)3,(GGGGTCA)3,(GGGTCAG)3,(GGGTGGT)3,(GGGTTGA)3,(GGTGTGA)3,(GGTTGAG)3,(GTCACAG)3,(GTCCAAA)3,(GTGGGTG)3,(GTGTGAG)3,(GTTTTCT)3,(GTTTTTT)3,(TACATGA)3,(TATAGAT)3,(TATTTTT)3,(TCCAAAG)3,(TCCTGTT)3,(TCTTTTT)3,(TGCTATA)3,(TGGGTGG)3,(TGTATTC)3,(TGTTTCC)3,(TGTTTTC)3,(TGTTTTT)3,(TGTTTTT)4,(TTATACT)3,(TTATTTT)3,(TTCCTGT)3,(TTCTTTT)3,(TTGTTTT)3,(TTGTTTT)4,(TTTATTT)3,(TTTCTGT)3,(TTTCTTT)3,(TTTGTTT)3,(TTTGTTT)4,(TTTTATT)3,(TTTTCTG)3,(TTTTCTT)3,(TTTTGTT)3,(TTTTGTT)4,(TTTTTAT)3,(TTTTTGT)3,(TTTTTTA)3,(TTTTTTG)3,(AAAAAAAT)3,(AAAAAATA)3,(AAAAATAA)3,(AAAATAAA)3,(AAACTCTG)3,(AACCAGCT)3,(AACTCTGA)3,(ACACACAT)3,(ACACATAC)3,(ACCAGCTA)3,(AGCTAACC)3,(AGCTAGCC)3,(CAAAAAAA)3,(CACACATA)3,(CACATACA)3,(CAGCTAAC)3,(CCAGCTAA)3,(CCCTCTCT)3,(CCTCTCTC)3,(CTAACCAG)3,(CTTGTGTG)3,(GAAATCCT)3,(GCTCCTCC)3,(GCTTGTGT)3,(GTTTGTTG)3,(TAACCAGC)3,(TCCCTCTC)3,(TGAAATCC)3,(TGCTTGTG)3,(TTTTTCTT)3,(TTTTTTCT)3,(TTTTTTTC)3,(TTTTTTTG)3,(AAAAATAAT)3,(AAAAGACAG)4,(AAAATAATA)3,(AAAGACAGA)4,(AAATAATAA)3,(AAGACAGAA)4,(AATAAAAAT)3,(AATAATAAA)3,(ACAGAAAAG)4,(ACCAGCAGG)3,(ACCCACAAC)3,(AGAAAAGAC)4,(AGACAGAAA)4,(AGCAGGACC)3,(AGGAGGGTC)3,(AGGGTCAGG)3,(ATAAAAATA)3,(ATAATAAAA)3,(CAGAAAAGA)4,(CAGCAGGAC)3,(CAGGACCAG)3,(CAGGAGGGT)3,(CCAGCAGGA)3,(CCCCCTCCT)3,(CCCCTCCTC)3,(CCCTCCTCC)3,(CCTCCCCCT)3,(CTCACTTTT)3,(CTCCCCCTC)3,(CTCCTCCCC)3,(GAAAAGACA)4,(GACAGAAAA)4,(GACCAGCAG)3,(GAGGGTCAG)3,(GCAGGACCA)3,(GGAGGGTCA)3,(GGGTCAGGA)4,(GGTCAGGAG)3,(GGTCCGGTC)3,(GTCAGGAGG)3,(GTTGTTGTC)3,(TAAAAATAA)3,(TAATAAAAA)3,(TCAGGAGGG)3,(TCCCCCTCC)3,(TCCTCCCCC)3,(TCTCACTTT)3,(TGTTGTCGT)3,(TTCTCACTT)3,(TTGTTGTCG)3,(TTTCTCACT)3,(TTTTCTCAC)3
256,75,(AGCGGGC)5,(AGGGGGC)3,(ATGGATG)3,(CAGCGGG)4,(CAGGGGG)3,(CCCCACC)3,(CCCCAGC)3,(CCCCCAC)3,(CCCCCCG)3,(CCCCCGC)4,(CCCCGCC)4,(CCCCGCG)3,(CCCGCCC)4,(CCCGCGC)3,(CCGCACC)3,(CCGCCCC)3,(CGCACCC)3,(CGCCCCC)3,(CGCCCCG)3,(CGCCCGG)3,(CGGCGGG)3,(CGGCTGG)3,(CGGGCAG)4,(CGGGGCG)3,(CTCCCGG)3,(CTGGCGG)3,(GCACCCC)3,(GCAGCGG)4,(GCAGGGG)3,(GCCCCCC)3,(GCCCCGC)3,(GCCCGGC)3,(GCCCTGC)3,(GCGCCCC)3,(GCGCCCG)3,(GCGGCGG)3,(GCGGCTG)3,(GCGGGCA)4,(GCGGGCG)3,(GCGGGGC)3,(GCTCCCG)3,(GCTGCGG)3,(GCTGGCG)3,(GGCAGCG)4,(GGCAGGG)3,(GGCGCGG)3,(GGCGGCT)3,(GGCGGGC)3,(GGCTGCG)3,(GGCTGGC)3,(GGGCAGC)4,(GGGCAGG)3,(GGGCGCG)3,(GGGGCAG)3,(GGGGCGC)3,(GGGGGCA)3,(TCCCGGC)3,(TGGCGGC)3,(AGGCGGCG)3,(CACGCCCG)3,(CAGCCCGC)3,(CCAGCCCG)3,(CCGCCAGC)3,(CGCCAGCC)3,(GAGGCGGC)3,(GCCAGCCC)3,(CCGCCGCTG)3,(CGCCGCTGC)3,(CGCTGCCGC)3,(CTGCCGCCG)3,(GCCGCCGCT)3,(GCCGCTGCC)3,(GCTGCCGCC)3,(GGGGGCGGC)3,(TGCCGCCGC)3
1,103,(AAACAAC)3,(AACAGTG)3,(AAGCCTG)3,(AATGTTT)3,(ACAGTGA)3,(ACGAGTT)3,(AGCTGTT)3,(AGCTTTC)4,(AGGAGTG)3,(AGGGAGT)3,(AGTTACG)3,(ATGTTTA)3,(CAGCTTT)4,(CCCCCTT)3,(CCCCTTC)3,(CCCTCCT)3,(CCCTTCC)3,(CCTCCTC)3,(CCTTCCC)3,(CGAGTTA)4,(CTCCTCC)3,(CTGTTAG)3,(CTTTCAG)4,(CTTTTTT)3,(GAGGAGT)3,(GAGTTAC)3,(GCTGTTA)3,(GCTTTCA)4,(GGAGTAG)3,(GGGAGTA)3,(GTAGGGA)3,(GTTACGA)3,(GTTAGCT)3,(TAATGTT)3,(TACGAGT)3,(TAGGGAG)3,(TCAGCTT)4,(TCCTAGC)3,(TCTTTTT)3,(TGTTAGC)3,(TGTTTAA)3,(TTACGAG)3,(TTAGCTG)3,(TTCAGCT)4,(TTTCAGC)3,(AATTGATT)3,(ACGGGAGG)5,(AGCAGTCC)3,(AGGACGGG)4,(AGTCCAGC)3,(ATTAATTG)3,(ATTGATTA)3,(CACCTACC)3,(CAGATTAA)3,(CAGCAGTC)3,(CAGTCCAG)3,(CCACCTAC)3,(CCAGCAGT)3,(CCCACCTA)3,(CCCCCTCT)3,(CCCCTCTC)3,(CCCTCTCC)3,(CCCTCTCT)3,(CCTCTCCC)3,(CCTCTCTC)3,(CGCTGGAA)3,(CGGGAGGA)5,(CTCTCTGT)4,(CTCTGTCT)4,(CTGTCTCT)4,(GACGGGAG)5,(GAGGACGG)4,(GATTAATT)3,(GCAGTCCA)4,(GCTGGAAC)3,(GGACGGGA)5,(GGAGGACG)5,(GGGAGGAC)5,(GTCCAGCA)3,(GTCTCTCT)4,(TAATTGAT)3,(TCCAGCAG)3,(TCCCCCCT)3,(TCCCTCTC)3,(TCTCTCTG)4,(TCTCTGTC)4,(TCTGTCTC)4,(TGATTAAT)3,(TGTCTCTC)4,(TTAATTGA)3,(TTGATTAA)3,(CGCTTCTCT)3,(CTCGCTTCT)3,(CTCTCGCTT)3,(CTTCCTCTT)3,(GCTTCTCTC)3,(TCCTCTTCT)3,(TCGCTTCTC)3,(TCTCGCTTC)3,(TCTCTCGCT)3,(TCTTCCTCT)3,(TTAATAATA)3,(TTCCTCTTC)3
257,18,(AGCCCGC)3,(CCCTCTG)3,(CCTCTGC)3,(CTCTGCC)4,(CTGCCCT)3,(GCCCTCT)3,(GCGGGCG)3,(TCTGCCC)4,(TGCCCTC)3,(ATCTGCGGG)3,(CGGGATCTG)3,(CTGCGGGAT)3,(GATCTGCGG)3,(GCGGGATCT)3,(GGATCTGCG)4,(GGGATCTGC)3,(TCTGCGGGA)3,(TGCGGGATC)3
2,9,(CCTCAGT)3,(CCTCTCT)3,(CTCTCTC)3,(GAGCGCA)3,(GATTGTT)3,(TGATTGT)3,(TTGATTG)3,(ACAACAAC)3,(CACAACAA)3
5,39,(CCGGGCG)3,(CGAGTGG)3,(CGCCGGG)3,(CTTCGCC)3,(GAGTGGC)3,(GCCGGGC)3,(GCGAGTG)3,(GCGCCGG)3,(GCGGAGG)3,(GGCGAGT)3,(GGCGCCG)3,(GGGCGCC)3,(TACTTTT)3,(TTACTTT)3,(TTTACTT)3,(TTTTACT)3,(TTTTTAC)3,(CCCTAGAG)3,(CCGGGCGG)3,(CCTAGAGC)3,(CTAGAGCC)3,(GCCGGGCG)3,(GGCCGGGC)3,(TAGAGCCC)3,(CCCCGGTCG)3,(CCCGGTCGC)3,(CCGGTCGCC)3,(CGCCCCGGT)3,(CGCCTCAGT)3,(CGGTCGCCC)3,(CTAACGCTG)3,(GCCCCGGTC)3,(GCCTCAGTC)3,(GCTAACGCT)3,(TAACGCTGC)3,(TCGCCCCGG)3,(TGCTAACGC)3,(TGCTGGGCT)3,(TGGGGCCTC)3
261,67,(ACGCAGC)3,(AGGGGGG)4,(AGTGGGC)3,(CAGTGGG)3,(CCCCGCT)3,(CCCGCCC)3,(CCCGCTC)3,(CCGCCCC)3,(CCGGTTG)3,(CGGGCGG)3,(CGGTTGC)3,(CTCCCCG)3,(CTCGGGT)3,(GAGGGGG)4,(GCAGTGG)4,(GCCGGTT)3,(GCGGCGG)3,(GCGGGCG)3,(GGAGGGG)4,(GGCAGTG)4,(GGCGGCG)3,(GGCGGGC)3,(GGGAGGG)5,(GGGCAGT)3,(GGGCGGC)3,(GGGGAGG)4,(GGGGGAG)4,(GGGGGGA)4,(GGGGGTT)3,(GGGGTTG)3,(GGGTTGG)3,(GGTCTCG)3,(GGTTGCC)3,(GGTTGGG)3,(GTCTCGG)3,(GTGGGCA)3,(GTTGCCG)3,(GTTGGGG)3,(TCCCCGC)3,(TCGGGTC)3,(TCTCGGG)3,(TGCCGGT)3,(TGGGCAG)3,(TGGGGGT)3,(TTGCCGG)3,(TTGGGGG)3,(ACCCGTCC)3,(AGGCAGCG)3,(CACCCGTC)3,(CCACCCGT)3,(CCCGTCCA)3,(CCGTCCAC)3,(CGTCCACC)3,(CTCTGCGG)3,(CTGCGGCT)3,(TCTGCGGC)3,(AGCCGCAGC)3,(CCCCTGCCG)3,(CCCTGCCGC)3,(CCTGCCGCC)3,(CGGTGGCGG)3,(GCCCCTGCC)3,(GCGGTGGCG)3,(GGCGGCGGT)3,(GGTGGCGGC)3,(GTGGCGGCG)3,(TGGCGGCGG)3
6,48,(ATGGATG)3,(ATTTTTT)3,(CCCTTCT)4,(CCTTCTC)4,(CTCCCTT)4,(CTCTGAC)3,(CTGACCT)3,(CTTCTCC)4,(GATGGAT)3,(TATTTTT)3,(TCCCTTC)3,(TCTCCCT)4,(TCTGACC)3,(TGACCTC)3,(TTATTTT)3,(TTCTCCC)4,(TTTATTT)3,(TTTTATT)3,(TTTTTAT)3,(TTTTTTA)3,(ATGATTTG)3,(ATTTGATG)3,(GATGATTT)3,(GATTTGAT)3,(TGATGATT)3,(TGATTTGA)4,(TTGATGAT)3,(TTTGATGA)3,(ATCGCTCCC)4,(CATCGCTCC)4,(CCATCGCTC)4,(CCCATCGCT)4,(CCTCTTCCT)3,(CGCTCCCAT)3,(CTCCCATCG)4,(CTCCTCTTC)3,(CTCTTCCTC)3,(CTTCCTCCT)3,(GATTTGGGG)3,(GCTCCCATC)4,(GGATTTGGG)3,(TCCCATCGC)4,(TCCTCTTCC)3,(TCCTCTTCT)3,(TCGCTCCCA)4,(TCTTCCTCC)3,(TTCCTCCTC)3,(TTCCTCTTC)3
134,37,(ACCCAGC)3,(AGCTCCG)3,(CCGAGCT)3,(CGAGCTC)3,(CTCCGAG)3,(CTCTCTC)3,(GAGCTCC)3,(GCGGGAG)3,(GCTCCGA)3,(TCCGAGC)3,(TGTTTTT)3,(TTGTTTT)3,(TTTGTTT)3,(TTTTGTT)3,(TTTTTGT)3,(TTTTTTG)3,(ACAGAGAG)3,(AGACAGAG)3,(AGAGACAG)4,(AGAGAGAC)4,(CAGAGAGA)3,(CCCTCTCT)3,(CCTCTCTC)3,(CGGCGGGG)3,(CTCCCTCT)4,(CTCTCCCT)3,(CTCTCTCC)3,(CTGCGGGG)3,(GACAGAGA)3,(GAGACAGA)4,(GAGAGACA)4,(GCGGCGGG)3,(GGCGGCGG)3,(TCCCTCTC)4,(TCTCCCTC)3,(TCTCTCCC)3,(TGCGGGGC)3
7,101,(AGCGGCG)3,(CCCCCGC)3,(CCCCGCC)3,(CCCGCCC)3,(CCCGCCG)4,(CCCGCCT)3,(CCGCCCC)3,(CCGCCCG)3,(CCGCCCG)4,(CCGCCGC)4,(CCGCCTC)3,(CCGGGGG)3,(CCTCCCG)4,(CGAGCGG)4,(CGCCCCC)3,(CGCCCGC)3,(CGCCCGC)4,(CGCCGCC)4,(CGCCTCC)3,(CGGCGAG)3,(CGGGGGC)3,(CTCCCGC)4,(GAGCGGC)4,(GCCCCCC)3,(GCCCGCC)4,(GCCGCCC)3,(GCCGGGG)3,(GCCTCCC)4,(GCGAGCG)4,(GCGGCGA)3,(GGCCGGG)3,(GGCGAGC)3,(GGGCCGG)3,(GGGGCCG)3,(GGGGCGC)3,(GGGGGCC)3,(GTTTTTT)4,(TCCCGCC)4,(TGTTTTT)3,(TTGTTTT)3,(TTTGTTT)3,(TTTTGTT)3,(TTTTTGT)3,(TTTTTTG)3,(ACCCCTCC)3,(ACCCGCCT)3,(AGCCCAGC)3,(CACCCCTC)3,(CAGCCCAG)3,(CCACCCCT)3,(CCCCTCCA)3,(CCCGCCTA)4,(CCCGCCTG)3,(CCGCCTAC)4,(CCGCCTGC)3,(CCTACCCG)3,(CCTGCCCG)4,(CGCCTACC)4,(CGCCTGCC)3,(CGGGCCGG)3,(CGGGCTCC)3,(CTACCCGC)3,(CTCCACCC)3,(CTCCCGCC)3,(CTGCCCGC)4,(GCCCGCCT)4,(GCCTACCC)4,(GCCTGCCC)3,(GCGGGCCG)3,(GCTGCGGG)3,(GGCCGGCG)3,(GGCGGGCC)3,(GGCTGCGG)3,(GGGCCGGC)3,(GGGCTCCC)3,(GGGCTGCG)3,(GTGTCTGC)3,(TACCCGCC)3,(TCCACCCC)3,(TGCCCGCC)4,(TGTCTGCG)3,(AGCCCACGG)3,(AGCGGGGCG)3,(AGGGGCGGG)4,(CCCACGGAG)3,(CGGAGCCCA)3,(CGGGAGGGG)4,(CGGGGGGCG)3,(GAGCCCACG)3,(GAGCGGGGC)3,(GAGGGGCGG)4,(GCCCACGGA)3,(GCCCTCCCT)3,(GCGGGAGGG)4,(GCGGGGGGC)3,(GGAGCCCAC)3,(GGAGGGGCG)4,(GGCGGGAGG)3,(GGGAGGGGC)4,(GGGCGGGAG)3,(GGGGCGGGA)3
263,336,(AAAACAA)3,(ACCCCCG)3,(ACGGCTG)3,(ACTGCCC)3,(AGCACCG)3,(AGCCGGG)3,(AGCTCCC)3,(AGGAGGG)3,(AGGCCGG)3,(AGGCGGG)6,(AGGGAGG)3,(ATCCCGC)3,(CACCGAG)3,(CACTGCC)3,(CAGCTCC)3,(CATCCCG)3,(CCACTGC)3,(CCAGCTC)3,(CCCACTG)3,(CCCAGCT)3,(CCCCCCG)3,(CCCCCGA)3,(CCCCCGC)3,(CCCCGAC)3,(CCCCGCC)3,(CCCCGCG)3,(CCCCGCG)5,(CCCGACC)3,(CCCGCAT)3,(CCCGCCC)3,(CCCGCCG)7,(CCCGCCT)3,(CCCGCGC)3,(CCCGCGC)5,(CCCGCTG)3,(CCCGGCT)3,(CCGACCC)3,(CCGCATC)3,(CCGCCCG)6,(CCGCCGC)7,(CCGCCTC)3,(CCGCGCC)3,(CCGCGCC)5,(CCGCTGC)4,(CCGGCTC)3,(CCGGGAG)4,(CCTCCCG)4,(CCTCCTG)3,(CCTGCCT)3,(CCTGCTG)3,(CCTGGCT)3,(CGACCCC)3,(CGCACCG)3,(CGCATCC)3,(CGCCCCG)3,(CGCCCCG)5,(CGCCCGC)6,(CGCCGCC)7,(CGCCTCC)3,(CGCGCCC)3,(CGCGCCC)5,(CGCTGCC)4,(CGCTGGG)3,(CGGCCCC)3,(CGGCGGG)3,(CGGCGGG)4,(CGGCTCC)3,(CGGCTGA)3,(CGGGAGC)4,(CGGGAGC)5,(CGGGAGG)6,(CGGGCGG)3,(CTCCCAG)3,(CTCCCGC)4,(CTCCCGG)3,(CTCCTGC)3,(CTCCTGG)3,(CTGACGG)3,(CTGCCCG)4,(CTGCCTC)3,(CTGCCTG)4,(CTGCTGC)3,(CTGCTGG)3,(CTGGCTG)3,(CTGGGCG)4,(CTGGGGG)3,(CTGGGGG)4,(CTTTGAC)3,(GACCCCC)3,(GACGGCT)3,(GAGCCGG)3,(GAGGAGG)3,(GAGGCCG)3,(GAGGCGG)6,(GAGGGAG)3,(GCACCGA)3,(GCCCACT)3,(GCCCCCC)3,(GCCCCCG)3,(GCCCCGC)3,(GCCCCGC)5,(GCCCGCC)6,(GCCCGCT)3,(GCCGCCC)3,(GCCGCCC)6,(GCCGGGA)3,(GCCGGGG)3,(GCCTCCC)3,(GCCTCCT)3,(GCCTGCT)3,(GCGCCCC)3,(GCGCCCC)5,(GCGCGGG)3,(GCGCTGG)3,(GCGGCGG)3,(GCGGGAG)6,(GCGGGCG)3,(GCTCAGT)3,(GCTCCCA)3,(GCTCCCG)3,(GCTCCTG)3,(GCTGACG)3,(GCTGCCC)4,(GCTGCCT)4,(GCTGCTG)3,(GCTGGCT)3,(GCTGGCT)4,(GCTGGGC)4,(GCTGGGG)3,(GCTGGGG)4,(GGAGCCG)3,(GGAGGAG)3,(GGAGGCC)3,(GGAGGCG)6,(GGAGGGA)3,(GGCCCCC)3,(GGCCGGG)3,(GGCGCTG)3,(GGCGGCG)3,(GGCGGGA)6,(GGCGGGC)3,(GGCTCCC)3,(GGCTCCT)3,(GGCTGAC)3,(GGCTGCG)3,(GGCTGCT)3,(GGCTGGG)4,(GGGAGCC)3,(GGGAGCC)5,(GGGAGGA)3,(GGGAGGC)6,(GGGCCGG)3,(GGGCGCT)3,(GGGCGGC)3,(GGGCGGG)3,(GGGCTGC)3,(GGGCTGG)4,(GGGGCCG)3,(GGGGCGG)3,(GGGGCTG)3,(GGGGCTG)4,(GGGGGCC)3,(GGGGGCG)3,(GGGGGCT)3,(GGGGGCT)4,(GGGGGGC)3,(GTGCGCG)3,(TCCCAGC)3,(TCCCGCA)3,(TCCCGCC)3,(TCCCGGC)3,(TCCTGCC)3,(TCCTGGC)3,(TCTTTTT)3,(TGACGGC)3,(TGCCCAC)3,(TGCCCGC)4,(TGCCTCC)3,(TGCCTGC)3,(TGCGCGG)3,(TGCTCAG)3,(TGCTGCC)3,(TGCTGGC)3,(TGCTGGC)4,(TGGCTGC)3,(TGGGCGC)3,(TGGGGGC)3,(TGGGGGC)4,(TTCTTTT)3,(TTTCTTT)3,(TTTTCTT)3,(TTTTTCT)3,(TTTTTTC)3,(AGAGCCCG)4,(AGCCCGAG)4,(AGCGAGGC)4,(AGCGGCGG)3,(AGGCAGCG)4,(AGGTCCCG)3,(CAGCGAGG)3,(CAGGCGGG)3,(CCCCCGCG)3,(CCCCGCGC)3,(CCCGAGAG)3,(CCCGCGCC)4,(CCGAGAGC)3,(CCGCGCCC)4,(CCTGCGCA)3,(CGAGAGCC)4,(CGAGGCAG)4,(CGCCCCCG)3,(CGCGCCCC)4,(CGCGTGCG)3,(CGGAGCGG)3,(CGGCGGAG)3,(CGGGCAGG)3,(CGGGGCAT)3,(CGGGGCTG)5,(CGGGGGGC)3,(CGGGGTCC)3,(CGGGTGTG)4,(CGGTTGGG)3,(CGTGCGCG)3,(CTGCGCAC)3,(GAGAGCCC)4,(GAGCCCGA)4,(GAGCGGCG)3,(GAGGCAGC)4,(GAGGTCCC)3,(GCAGCGAG)3,(GCAGGCGG)3,(GCCAGGGG)3,(GCCCCCGC)3,(GCCCGAGA)3,(GCGAGGCA)4,(GCGCCCCC)3,(GCGCGTGC)3,(GCGGAGCG)3,(GCGGCGGA)3,(GCGGGCAG)3,(GCGGGGCT)5,(GCGGGTGT)4,(GCGGTTGG)3,(GCGTGCGC)3,(GGAGAGGC)3,(GGAGCGGC)3,(GGCAGCGA)3,(GGCAGGCG)3,(GGCCAGGG)3,(GGCGGAGC)3,(GGCGGGCA)3,(GGCGGTTG)3,(GGGCAGGC)3,(GGGCATCG)3,(GGGCGGTT)3,(GGGGCATC)3,(GGGGCTGC)6,(GGGGGGCC)3,(GGGGTCCC)3,(GGGTCCCG)3,(GGGTGTGC)4,(GGTCCCGG)3,(GGTGTGCG)3,(GGTTGGGC)3,(GTCCCGGG)3,(GTGCGCGC)3,(GTGCGGGT)3,(GTGTGCGG)3,(GTTGGGCG)3,(TCCCGGGG)3,(TGCGCACC)3,(TGCGGGTG)4,(TGTGCGGG)3,(TTGGGCGG)3,(ACCCGCGCC)3,(ACTGCCCTC)3,(AGCAGGTGC)3,(AGGGGGTGC)3,(AGGTGCAGC)3,(CACCCGCGC)3,(CACTGCCCT)3,(CAGGGGGTG)3,(CAGGTGCAG)3,(CCACCCGCG)3,(CCAGCAGCA)3,(CCCCCCGCG)4,(CCCCTCCCG)3,(CCCGAGCAG)3,(CCCGCCCCT)3,(CCCGCGCCA)3,(CCCGCGCCG)3,(CCCTCCCGC)3,(CCGAGCAGC)3,(CCGCCCCTC)3,(CCGCGCCGC)3,(CCTCACTGC)3,(CCTCCCGCC)3,(CGAGCAGCC)3,(CGCCCCCCG)4,(CGCCCCTCC)3,(CGCGCCGCC)3,(CGGCGGGAG)3,(CGGGGGTGG)4,(CTCACTGCC)3,(CTCGGGGCG)3,(CTGCCGCCG)3,(GCAGGGGGT)3,(GCAGGTGCA)3,(GCCCCCCGC)4,(GCCCCGGCG)3,(GCCCCTCCC)3,(GCGCCCCCC)4,(GCGGCGGGA)3,(GCGGGGGTG)4,(GCTGCCGCC)3,(GGCCCCGGC)3,(GGCGGGAGC)3,(GGCGGGGGC)3,(GGCGGGGGT)4,(GGGGGTGCA)3,(GGGGGTGGC)4,(GGGGTGCAG)3,(GGGGTGGCG)4,(GGGTGCAGG)3,(GGGTGGCGG)4,(GGTGCAGCA)3,(GGTGCAGGG)3,(GGTGGCGGG)3,(GTGCAGCAG)3,(GTGCAGGGG)4,(GTGGCGGGG)3,(TCACTGCCC)3,(TCGGGGCGC)3,(TGCAGGGGG)3,(TGCCGCCGC)3,(TGGCGGGGG)3
264,127,(ACCAGTG)3,(AGCCCCC)3,(AGTGACC)4,(CAGCCCC)3,(CAGTGAC)3,(CCAGCCC)3,(CCAGTGA)3,(CCCCGCG)3,(CCCGCCG)3,(CCCGCCG)4,(CCCGCGC)4,(CCGCCCG)3,(CCGCCGC)3,(CCGCCGC)4,(CCGCGCC)4,(CCTCCAG)3,(CGCCCCG)3,(CGCCCGC)3,(CGCCGCC)3,(CGCCGCC)4,(CGCGCCC)4,(CGCTCTG)3,(CGGCGGG)9,(CGGGCGG)9,(CGGGGCG)3,(CTCCAGC)3,(CTTTCTT)3,(GACCAGT)3,(GCCCGCC)3,(GCCCGCC)4,(GCCGCCC)3,(GCCGCCC)4,(GCCTCCA)3,(GCGCCCC)3,(GCGCCCC)4,(GCGCTCT)3,(GCGGCGG)10,(GCGGGCG)9,(GCGGGGC)3,(GCTCCCG)3,(GGCGCGG)3,(GGCGGCG)10,(GGCGGGC)9,(GGCGGGG)3,(GGCTCCC)3,(GGGCGCG)3,(GGGCGGC)9,(GGGGAGG)3,(GGGGCGC)3,(GGGGGAG)3,(GGGGGGA)3,(GGTGGGG)3,(GTGACCA)3,(GTGAGCT)3,(GTGGGGG)3,(GTTTTTT)3,(TAGCACC)3,(TCCAGCC)3,(TCTTTCT)3,(TGACCAG)3,(TGTTTTT)3,(TTCTTTC)3,(TTGTTTT)3,(TTTGTTT)3,(TTTTATT)3,(TTTTGTT)3,(TTTTTAT)3,(TTTTTGT)3,(ACCCCCCC)3,(AGAGAGGG)6,(AGAGGGAG)5,(AGGGAGAG)6,(CACCCCCC)3,(CACCCCTG)3,(CCACCCCC)3,(CCCACCCC)3,(CCCCACCC)3,(CCCCCACC)3,(CCCCCCAC)3,(CCCCCCCA)3,(CCGCCCGG)3,(CCGCCGTG)3,(CCGTGCCG)3,(CGCCCGGC)3,(CGCCGCCC)3,(CGCCGTGC)3,(CGTGCCGC)3,(GAGAGAGG)6,(GAGAGGGA)5,(GAGGGAGA)5,(GCCCGGCC)3,(GCCGCCCC)3,(GCCGCCGT)3,(GCCGTGCC)3,(GGAGAGAG)6,(GGGAGAGA)6,(GTGCCGCC)3,(GTTTTTTT)3,(TGCCGCCG)3,(TGTTTTTT)3,(CCCCCGCCG)4,(CCCCGCCGC)4,(CCCCGCGAG)3,(CCCGCCGCC)3,(CCCGCCGCC)4,(CCCGCGAGC)3,(CCGCCCCCG)4,(CCGCCGCCC)3,(CCGCGAGCC)3,(CCTCCTCTT)3,(CCTCTTCCT)3,(CGCCCCCGC)4,(CGCCGCCCC)3,(CGCGAGCCC)3,(CGGCGGCAG)3,(CGGCGGCTG)3,(CTCCTCTTC)3,(CTTCATCAG)3,(GCCCCCGCC)4,(GCCGCCCCC)3,(GCGGCAGCG)3,(GCGGCGGCA)3,(GCGGCGGCT)3,(GGCGGCAGC)3,(TCATCAGCT)3,(TCCTCTTCC)3,(TTCATCAGC)3
9,42,(AAAAACA)3,(AAAACAA)3,(AAACAAA)3,(AACAAAA)3,(ACAAAAA)3,(ACCTCTG)3,(AGCCCGC)3,(AGCGGGC)3,(ATCCCGC)3,(CAAAAAA)3,(CAGCCCG)3,(CATCCCG)3,(CCCACGC)3,(CCCCACG)3,(CCCCGGC)3,(CCCGCAT)3,(CCCGGCC)3,(CCGCATC)3,(CCGGCCC)3,(CGCATCC)3,(GCAGCCC)3,(GCATCCC)3,(GCCCCAC)3,(TTCTTTT)3,(TTTCTTT)3,(TTTTCTT)3,(TTTTTCT)3,(ACCACCATC)3,(ACCATCACC)3,(AGTAGCAGC)3,(CACCACCAT)3,(CACCATCAC)3,(CAGTAGCAG)3,(CCACCATCA)3,(CCATCACCA)3,(CGGAGGGAG)3,(GAGGGAGCG)3,(GCAGTAGCA)3,(GCGGAGGGA)3,(GGAGGGAGC)3,(GTAGCAGCA)3,(TAGCAGCAG)3
137,60,(ACGCGGG)3,(AGCCCCG)4,(AGGGCGG)4,(CCCCGAG)4,(CCCGAGC)4,(CCGAGCC)4,(CCTCCCC)3,(CGAGCCC)3,(CGGAGGG)4,(CGGGAGC)3,(CGGGGCT)3,(CGTGGGC)3,(CTCCCCC)3,(GACGCGG)3,(GAGCCCC)4,(GAGGGCG)4,(GCCCCGA)4,(GCCCGAG)3,(GCCGTGG)3,(GCGGAGG)4,(GGACGCG)3,(GGAGGGC)4,(GGCCCGA)3,(GGCCGTG)3,(GGCGGAG)4,(GGGACGC)3,(GGGAGCC)3,(GGGCCGT)3,(GGGCGGA)4,(GGGCTCG)3,(GGGGCTC)3,(GTGGGCC)3,(TGGGCCG)3,(TGGGGGG)3,(ACACACGC)3,(ACACGCAC)3,(ACGCACAC)3,(CACACACG)3,(CACACGCA)3,(CACGCACA)3,(CCGGGAGT)3,(CGCACACA)3,(CGGGAGTC)3,(GCACACAC)3,(GGAGTCCG)3,(GGGAGTCC)3,(GTCCGGGA)3,(TCCGGGAG)3,(AGGCTCCCG)4,(CCCGAGGCT)3,(CCGAGGCTC)3,(CGAGGCTCC)3,(CTCCCGAGG)3,(GAGGCTCCC)3,(GCTCCCGAG)3,(GCTCCCGGG)3,(GGCTCCCGA)3,(GGCTCCCGG)3,(TCCCGAGGC)3,(TGCCGCCGC)3
265,56,(ATCCTCC)3,(CATCCTC)3,(CCCCGCG)3,(CCCGCGC)3,(CCCTCCG)3,(CCGCCCT)3,(CCGCGCC)3,(CGCCCCG)3,(CGCCCTC)3,(CGCGCCC)3,(CGCGCCC)4,(CGCGGGG)4,(CGGCGGG)3,(CGGGGCG)4,(CTGCGCG)3,(GCCCCGC)3,(GCCCGCC)3,(GCCCTCC)3,(GCGCCCC)3,(GCGCGGG)5,(GCGGGCG)3,(GCGGGGC)4,(GCTGCGC)3,(GGATGGA)3,(GGCAGGG)3,(GGCGCGG)5,(GGCGGGC)3,(GGGCAGG)3,(GGGCGCG)5,(GGGGCGC)4,(GGGGCGG)3,(GTCACAG)3,(TCACAGG)3,(TCCCCCC)3,(TCGAGCT)3,(TTTTTGT)3,(TTTTTTG)3,(AAGGAGGG)3,(AGAGAGAC)3,(AGGAGGGA)3,(CTCCCTCT)3,(CTCTCCCT)3,(CTCTCTCC)3,(GAAGGAGG)3,(GAGGGAAG)3,(GCTGAGGG)3,(GGAGGGAA)3,(GGCTGAGG)3,(GGGCTGAG)3,(TCCCTCTC)3,(TCTCCCTC)3,(TCTCTCCC)3,(CCCGGGAGG)3,(CCGGGAGGC)3,(CGGGAGGCC)3,(GCCCGGGAG)3
11,194,(AACGGGG)3,(ACCCCTG)4,(ACGGGGA)3,(CACTGAC)3,(CCACTGA)3,(CCCCTGA)3,(CCCGCCG)3,(CCCGGCT)3,(CCCTGAC)3,(CCGCCGC)3,(CCGCCTC)3,(CCGCGTC)3,(CCGGCTC)3,(CCTCCCG)3,(CCTCGCC)3,(CCTGACC)3,(CGCCTCC)3,(CGCGTCC)3,(CGGCTCC)3,(CGTCCCG)3,(CTCCCGC)3,(CTCCCGG)3,(CTGACCC)4,(GAACCGG)3,(GACCCCT)4,(GCCCGCC)3,(GCCTCCC)3,(GCGGCGG)3,(GCGTCCC)3,(GCTCCCG)3,(GGAACCG)3,(GGCGGCG)3,(GGCTCCC)3,(GGCTCGG)3,(GGGCTCG)3,(GGGGCGG)3,(GGGGGCG)3,(GGTTCCC)3,(GTCCCGC)3,(GTTCCCG)3,(TCCCGGT)3,(TGACCCC)4,(TTCCCGG)3,(AAGAGGGG)3,(AAGGAGGG)3,(ACACACGC)4,(ACACGCAC)3,(ACGCACAC)3,(AGAGGGGA)3,(AGGAGGGA)3,(AGGGGAAG)3,(ATTTATTG)3,(CACACACG)4,(CACACGCA)3,(CACGCACA)3,(CCCGGTGT)8,(CCCTTCCT)3,(CCGGTGTC)8,(CCTCCCTT)3,(CCTTCCTC)3,(CGCACACA)3,(CGGTGACG)3,(CGGTGTCC)8,(CTCCCTTC)3,(CTTCCTCC)3,(GAAGAGGG)3,(GAAGGAGG)3,(GAGGGGAA)3,(GATTTATT)3,(GCACACAC)3,(GCTTCGCC)3,(GGAAGAGG)3,(GGAAGGAG)3,(GGCGCTGT)3,(GGGAAGAG)3,(GGGGAAGA)3,(GGTGACGC)3,(GGTGTCCC)8,(GTCCCGGT)3,(GTCCCGGT)8,(GTGACGCG)3,(GTGTCCCG)9,(GTGTGCCC)3,(TCCCGGTG)8,(TCCCTTCC)3,(TCCTCCCT)3,(TGACGCGG)3,(TGTCCCGG)9,(TGTGCCCG)3,(TTCCTCCC)3,(ACAGCCCCC)4,(ACCACCATC)3,(ACCATCACC)3,(ACCGGAGCC)3,(ACCGGGAGC)4,(AGCACCGGG)5,(AGCATCCCG)3,(AGCCACCGG)3,(AGCCCCCAC)4,(AGGGCGCTG)3,(ATAACCGGG)3,(ATCACCACC)3,(ATCCCGAGC)3,(CACAGCCCC)5,(CACCACCAT)3,(CACCATCAC)3,(CACCGGAGC)3,(CACCGGGAG)4,(CAGCCCCCA)4,(CATCACCAC)3,(CATCCCGAG)3,(CCACAGCCC)5,(CCACCATCA)3,(CCACCGGAG)3,(CCATCACCA)4,(CCCACAGCC)4,(CCCCACAGC)4,(CCCCCACAG)4,(CCCCCATTT)3,(CCCCCCGAG)3,(CCCCCGAGC)3,(CCCCGAGCC)3,(CCCCGGCGG)3,(CCCGAGCAT)4,(CCCGGCGGC)3,(CCCTCCGCT)3,(CCGAGCATC)4,(CCGCCGCTC)3,(CCGCCGGGG)3,(CCGCTCCCG)3,(CCGCTCCCT)3,(CCGGAGCCG)3,(CCGGCGGCC)3,(CCGGGAGCA)4,(CCGGGGCCG)3,(CCGTCCCCG)3,(CCTCAGCCG)3,(CCTCCGCTC)3,(CGAGCATCC)4,(CGCCGCTCC)3,(CGCCGGGGC)3,(CGCCTCAGC)3,(CGCTCCCGC)3,(CGCTCCCTC)3,(CGCTGAGGG)3,(CGCTGTCGC)3,(CGGAGCCGC)3,(CGGCCCCGG)3,(CGGCGGCCC)3,(CGGGAGCAC)4,(CGGGGCCGC)3,(CGTCCCCGC)3,(CTCCCGCCG)3,(CTCCCTCCG)3,(CTCCGCTCC)4,(CTGAGGGCG)3,(CTGCCCTGC)3,(GAAATTCCC)3,(GAGCACCGG)5,(GAGCATCCC)4,(GAGCCACCG)3,(GAGGGCGCT)3,(GATAACCGG)3,(GCACCGGGA)5,(GCATCCCGA)3,(GCCACCGGA)3,(GCCCCCACA)4,(GCCCCGGCG)3,(GCCGCCGGG)3,(GCCGCTCCC)3,(GCCGGGGCC)3,(GCCGTCCCC)3,(GCCTCAGCC)3,(GCGCTGAGG)3,(GCGGCCCCG)3,(GCTCCCGCC)3,(GCTCCCTCC)3,(GCTGAGGGC)3,(GGAGCACCG)5,(GGCCCCGGC)3,(GGCCGCCGG)3,(GGCGCTGAG)3,(GGGAGCACC)4,(GGGCCGCCG)3,(GGGCGCTGA)3,(GTCCCCGCC)3,(TAACCGGGA)3,(TCACCACCA)3,(TCCCGAGCA)3,(TCCCGCCGC)3,(TCCCGGCGG)3,(TCCCTCCGC)3,(TCCGCTCCC)3,(TGCCCTGCC)3
14,78,(AAAAAAT)3,(AAAAATA)3,(AAAATAA)3,(AAATAAA)3,(AATAAAA)3,(AATCTTT)4,(AGGCGTG)3,(ATAAAAA)3,(ATCTTTA)4,(ATTAGTT)3,(ATTCTTT)3,(ATTCTTT)4,(CGTGAGG)3,(CTTTAAT)4,(CTTTATT)3,(CTTTATT)4,(CTTTTTT)3,(GACCTTT)3,(GAGGCGT)3,(GCGTGAG)3,(GTGAGGC)3,(TAATCTT)4,(TATTAGT)3,(TATTATT)3,(TATTCTT)3,(TATTCTT)4,(TCTTTAA)3,(TCTTTAT)4,(TCTTTTT)3,(TGACCTT)3,(TGAGGCG)3,(TGTGTGT)3,(TGTTTAT)3,(TTAATCT)4,(TTATTAT)3,(TTATTCT)3,(TTATTCT)4,(TTCTTTA)3,(TTCTTTT)3,(TTGTTTA)3,(TTTAATC)4,(TTTATTC)3,(TTTATTC)4,(TTTCTTT)3,(TTTGTTT)3,(TTTTCTT)3,(TTTTGTT)3,(TTTTTCT)3,(TTTTTTC)3,(AATCAGTC)3,(ACACACAT)3,(ACTCACTG)3,(AGAGGGAG)3,(AGGGAGAG)3,(ATCAGTCA)3,(ATCTATTT)3,(CAATCAGT)3,(CACTCCTC)3,(CCCTCTCT)3,(CCTCTCTC)3,(CGTGTGTG)3,(CTATTTAT)3,(CTCACTGA)3,(GAGGGAGA)3,(GCGTGTGT)3,(GTGCGTGT)3,(GTGTGCGT)3,(GTGTGTGC)3,(TATCTATT)3,(TCAATCAG)3,(TCCCTCTC)3,(TCTATTTA)3,(TGCGTGTG)3,(TGTGCGTG)3,(TGTGTGCG)3,(ATCCTCATC)3,(CATCCTCAT)3,(TCATCCTCA)3
272,29,(CGGGCTG)3,(CGGGGAG)3,(GAGCGGG)3,(GCGGGGA)3,(GGAGCGG)3,(GGGAGCG)3,(GGGCTGC)3,(GGGGAGC)3,(TCCCTCA)3,(AAAAAAAC)3,(AAAAAACA)3,(ACACAGGG)3,(ACAGGGAC)3,(AGGGACAC)3,(ATTCTGTG)3,(CACAGGGA)3,(CAGGGACA)3,(GCGGCGGG)3,(GTCCGTGT)3,(GTGTCCGT)3,(TCCGTGTG)3,(TGTCCGTG)3,(ACCAGCAGC)3,(AGCGGCAGC)3,(CACCAGCAG)3,(CGGCAGCAG)3,(GCGACAGCG)3,(GCGGCAGCA)3,(GGCGACAGC)3
17,748,(ACCCCTG)3,(ACCGGCC)3,(AGCCGGC)3,(AGCCGGG)4,(AGCCTGC)3,(AGCGGGC)4,(AGGAGGA)3,(AGGATCC)3,(AGGGCGG)3,(AGGGCGG)4,(ATCCAGG)3,(CACCCCG)3,(CACCGGC)3,(CAGCCGG)4,(CAGCCTG)3,(CAGCGGG)4,(CAGGATC)3,(CCACCGG)3,(CCAGGAT)3,(CCCCCCG)3,(CCCCCCG)4,(CCCCCCT)3,(CCCCCGC)3,(CCCCCGC)4,(CCCCCGG)3,(CCCCCGT)4,(CCCCCTC)3,(CCCCGCA)3,(CCCCGCC)3,(CCCCGCC)4,(CCCCGGC)3,(CCCCGTC)4,(CCCCTCC)4,(CCCCTCG)4,(CCCCTGA)3,(CCCGCAC)3,(CCCGCCC)3,(CCCGCCC)4,(CCCGCCG)3,(CCCGGGG)3,(CCCGGGT)4,(CCCGTCC)3,(CCCTCCC)4,(CCCTCCT)3,(CCCTCGC)4,(CCCTGAC)3,(CCCTGCC)3,(CCGCACC)3,(CCGCCCC)3,(CCGCCCC)4,(CCGCCCG)3,(CCGCCGC)3,(CCGCCGC)4,(CCGGCAG)3,(CCGGCCA)3,(CCGGCCT)4,(CCGGGAG)5,(CCGGGGC)3,(CCGGGGG)3,(CCGGGTC)3,(CCGGTGG)3,(CCGTCCC)3,(CCGTCGT)3,(CCTCCCC)4,(CCTCCCT)3,(CCTCCCT)4,(CCTCCGG)4,(CCTCCTC)3,(CCTCGCC)3,(CCTCGCC)4,(CCTGACC)3,(CCTGCAG)3,(CGCACCC)3,(CGCCCCC)3,(CGCCCCC)4,(CGCCCCT)4,(CGCCCGC)3,(CGCCGCC)3,(CGCCGCC)4,(CGCGGGG)3,(CGCTCAC)3,(CGGAGGG)3,(CGGCAGC)3,(CGGCCAC)3,(CGGCCTC)4,(CGGGAGC)5,(CGGGCAG)3,(CGGGGAG)3,(CGGGGCC)3,(CGGGGCG)4,(CGGGGGC)3,(CGGGGGT)3,(CGGGGGT)4,(CGGGTCC)4,(CGTCCCC)3,(CGTCCCC)4,(CGTCGTC)3,(CTCCCCC)4,(CTCCCTC)3,(CTCCCTC)4,(CTCCGGC)3,(CTCCTCC)3,(CTCCTCC)4,(CTCGCCC)3,(CTCGCCC)4,(CTGCAGC)3,(GACCCCT)3,(GAGCCGG)4,(GAGCGGG)3,(GAGGAGG)3,(GAGGGCG)3,(GAGGGCG)4,(GATCCAG)3,(GCACCCC)3,(GCAGCCG)4,(GCAGCCT)3,(GCAGCGG)4,(GCCACCG)3,(GCCCCCC)3,(GCCCCCC)4,(GCCCCCG)3,(GCCCCTC)4,(GCCCGCC)3,(GCCCGGG)3,(GCCGCCC)3,(GCCGCCG)3,(GCCGGCA)3,(GCCGGGA)5,(GCCGGGG)3,(GCCGGGG)4,(GCCGGTG)3,(GCCTCCG)4,(GCCTGCA)3,(GCGCGGG)3,(GCGGAGG)3,(GCGGGCA)4,(GCGGGGA)3,(GCGGGGC)3,(GCGGGGC)4,(GCGGGGG)3,(GCTCACC)3,(GGAGCCG)5,(GGAGCGG)3,(GGAGGAG)3,(GGAGGGC)3,(GGAGGGG)3,(GGATCCA)3,(GGCAGCC)3,(GGCAGCG)4,(GGCCACC)3,(GGCCCGG)4,(GGCCCTC)3,(GGCCGCC)3,(GGCCGGG)3,(GGCCGGG)4,(GGCCTCC)4,(GGCGCGG)3,(GGCGGAG)3,(GGCGGAG)4,(GGCGGCG)3,(GGCGGGG)3,(GGGAGCC)5,(GGGAGCG)3,(GGGAGGA)3,(GGGCAGC)3,(GGGCCCG)3,(GGGCCGG)3,(GGGCCGG)4,(GGGCGCG)3,(GGGCGGA)3,(GGGCGGA)4,(GGGCGGG)3,(GGGGAGC)3,(GGGGCCC)3,(GGGGCCG)4,(GGGGCGC)3,(GGGGCGG)3,(GGGGGCC)3,(GGGGGCG)3,(GGGGGTC)4,(GGGGTCA)3,(GGGGTCG)4,(GGGTCAG)3,(GGGTCCC)4,(GGGTCGG)4,(GGTCCCG)4,(GGTCGGG)4,(GTCCCCC)3,(GTCCCCC)4,(GTCCCGG)4,(GTCGGGG)4,(GTCGTCC)3,(TCCAGGA)3,(TCCCCCC)4,(TCCCCCG)4,(TCCCGGG)4,(TCCCTCC)3,(TCCCTCC)4,(TCCGGCC)3,(TCCTCCC)3,(TCGCCCC)4,(TCGGGGG)4,(TCGTCCG)3,(TGCAGCC)3,(AAAAAGAA)3,(ACACCGGG)3,(ACAGAGAG)3,(ACCGGGAC)3,(AGACAGAG)3,(AGAGACAG)3,(AGCCCTGC)3,(AGCCGAGG)3,(AGCTGGGC)3,(AGCTTTGC)4,(AGGGGGGC)3,(AGGGTCAG)3,(ATCCCTCC)5,(ATCCGTCC)3,(ATGGGTGG)3,(CACCGGGA)3,(CAGAGAGA)3,(CAGAGGGT)3,(CAGCCCTG)3,(CAGCTGGG)3,(CAGCTTTG)4,(CAGGGGGG)3,(CAGTCAGG)3,(CATCCCTC)5,(CATCCGTC)3,(CCATCCCT)6,(CCATCCGT)3,(CCCCAGCC)3,(CCCCCAGC)3,(CCCCCCAG)3,(CCCCCCGG)3,(CCCCCCGG)4,(CCCCCGGC)3,(CCCCCGGC)4,(CCCCCTGC)3,(CCCCGGCC)3,(CCCCGGCC)4,(CCCCTGCC)3,(CCCGCCCT)3,(CCCGGCCC)3,(CCCGGCCC)4,(CCCGGCTG)4,(CCCGGTGT)7,(CCCGTCCG)3,(CCCTCCAT)6,(CCCTCCCG)3,(CCCTCCGT)3,(CCCTCCGT)4,(CCCTCCGT)6,(CCCTGCCC)3,(CCCTGCCT)8,(CCCTTCCT)3,(CCGCCCTC)3,(CCGGCCCC)3,(CCGGCCCC)4,(CCGGCTGC)4,(CCGGGCCC)3,(CCGGGGAG)3,(CCGGGGGT)6,(CCGGTGTC)7,(CCGTCCCT)3,(CCGTCCCT)5,(CCGTCCGC)3,(CCTCCATC)6,(CCTCCCGC)3,(CCTCCCTG)8,(CCTCCGTC)3,(CCTCCGTC)6,(CCTCGGCT)3,(CCTGCCCC)3,(CCTGCCTC)8,(CCTTCCTC)3,(CCTTGCTT)3,(CGCCCTCC)3,(CGGAGGGC)3,(CGGCAACG)3,(CGGCCCCC)3,(CGGCTCCT)4,(CGGCTGCC)4,(CGGGCCCC)3,(CGGGGGCT)3,(CGGGGGTC)6,(CGGGTGTG)3,(CGGTCGGG)3,(CGGTGGGG)9,(CGGTGTCC)8,(CGTCCCTC)3,(CGTCCCTC)5,(CGTCCGCC)3,(CTCCATCC)6,(CTCCCGCC)3,(CTCCCTGC)7,(CTCCGTCC)3,(CTCCGTCC)6,(CTCCTCGG)4,(CTCGGCTC)3,(CTCGGGGG)3,(CTGCCCGG)4,(CTGCCTCC)8,(CTGCCTTT)3,(CTTCCTCC)3,(CTTGCTTC)3,(CTTTGCAG)4,(GAAGGAGG)3,(GACACCGG)3,(GACAGAGA)3,(GAGACAGA)3,(GAGCCGAG)3,(GCAGCCCT)3,(GCAGCTGG)3,(GCAGCTTT)3,(GCAGGGGG)3,(GCCCCCCA)3,(GCCCCCCG)3,(GCCCCCCG)4,(GCCCCCGG)3,(GCCCGGCT)4,(GCCCGTCC)3,(GCCCTCCC)3,(GCCTCCCT)8,(GCGGGCGT)3,(GCGGGTGT)3,(GCGGTCGG)3,(GCGGTGGG)8,(GCTCCTCG)4,(GCTCGGGG)3,(GCTGCCCG)4,(GCTGGATG)3,(GCTTCCTT)3,(GCTTTGCA)4,(GGAAGGAG)3,(GGACACCG)3,(GGAGGGCC)3,(GGCAACGC)3,(GGCAGCTG)3,(GGCAGGGG)3,(GGCCCCCC)3,(GGCCCCCC)4,(GGCCCCCG)3,(GGCGGCGG)3,(GGCGGTCG)3,(GGCGGTGG)8,(GGCTCCTC)4,(GGCTCGGG)3,(GGCTGCCC)4,(GGCTGGAT)3,(GGGCAGGG)3,(GGGCCCCC)3,(GGGCGGCG)3,(GGGCGGTG)8,(GGGCTCGG)3,(GGGGCAGG)3,(GGGGCGGC)3,(GGGGCGGT)8,(GGGGCTCG)3,(GGGGGCAG)4,(GGGGGGAG)3,(GGGGGGCA)4,(GGGGGGGA)3,(GGGGGTCC)6,(GGGGTCCG)6,(GGGTCAGA)3,(GGGTCCGG)6,(GGGTGGAT)3,(GGGTGTGC)3,(GGTCAGAG)3,(GGTCCGGG)5,(GGTCGGGC)3,(GGTGGATG)3,(GGTGGGGC)9,(GGTGTCCC)8,(GGTGTGCG)3,(GTCAGAGG)3,(GTCCCGGT)7,(GTCCCTCC)4,(GTCCCTCC)5,(GTCCGCCC)3,(GTCCGGGG)5,(GTGCGGGC)3,(GTGCGGGT)3,(GTGGATGG)3,(GTGGGGCG)9,(GTGTCCCG)8,(GTGTGCGG)4,(TCAGAGGG)3,(TCCATCCC)6,(TCCATCCG)3,(TCCCGCCC)3,(TCCCGGTG)7,(TCCCTCCA)6,(TCCCTCCG)3,(TCCCTCCG)4,(TCCCTCCG)6,(TCCCTGCC)8,(TCCCTTCC)3,(TCCGCCCG)3,(TCCGGGGG)5,(TCCGTCCC)3,(TCCGTCCC)5,(TCCTCGGC)3,(TCCTTGCT)3,(TCGGCTCC)4,(TCGGGGGC)3,(TCTGCCCC)3,(TGAACGAA)3,(TGCAGCCC)3,(TGCAGCTT)3,(TGCCCGGC)4,(TGCCTCCC)8,(TGCCTTTC)3,(TGCGGGCG)3,(TGCGGGTG)3,(TGCTTCCT)3,(TGGGGCGG)9,(TGGGTGGA)3,(TGTCCCGG)8,(TGTGCGGG)4,(TTGCAGCT)4,(TTGCTTCC)3,(TTTGCAGC)4,(AAGGAGGAG)3,(ACAGCGACG)3,(ACCCCCCGG)3,(ACGACAGCG)3,(AGAAGGAGG)3,(AGCAGCAGG)3,(AGCAGCAGG)5,(AGCAGCATC)3,(AGCAGCGGC)3,(AGCAGGAGC)3,(AGCAGGAGC)6,(AGCAGGAGG)7,(AGCATCAGC)3,(AGCCCCCCG)4,(AGCGGCAGC)3,(AGCGGGAGG)7,(AGCTCCTCC)3,(AGGAGCAGC)6,(AGGAGCAGG)3,(AGGAGCAGG)7,(AGGAGCGGG)6,(AGGAGGAGC)3,(AGGAGGAGC)7,(AGGAGGGGC)3,(AGGAGGGGG)3,(AGGAGGTGC)3,(AGGAGGTGG)3,(AGGCGGCTG)3,(AGGCGTCGG)4,(AGGGGGAGG)3,(AGGTGCAGG)3,(AGGTGGAGG)3,(ATCAGCAGC)3,(CACCCGCCG)3,(CAGCAGCAT)3,(CAGCAGCGG)3,(CAGCAGGAG)3,(CAGCAGGAG)5,(CAGCATCAG)3,(CAGCGGCAG)3,(CAGCTCCTC)3,(CAGGAGCAG)3,(CAGGAGCAG)6,(CAGGAGGAG)8,(CAGGAGGGG)3,(CAGGAGGTG)3,(CATCAGCAG)3,(CCAGCTCCT)3,(CCAGCTCCT)4,(CCCCCCAGC)3,(CCCCCCCAG)3,(CCCCCCGAG)3,(CCCCCCGAG)4,(CCCCCCGGA)3,(CCCCCGAGC)3,(CCCCCGAGC)4,(CCCCCGCCG)3,(CCCCCGCTG)8,(CCCCCGGAC)4,(CCCCCTGCG)3,(CCCCGAGCC)4,(CCCCGCTGC)8,(CCCCGGACC)4,(CCCCTCCGT)4,(CCCCTGCGC)3,(CCCGAGCCC)4,(CCCGCTCCT)4,(CCCGCTGCC)8,(CCCGGACCC)3,(CCCGGGGTG)3,(CCCTCCGTC)4,(CCCTCCTCG)3,(CCCTCTGGT)3,(CCCTGCGCC)3,(CCCTGGCCT)5,(CCGACCCCC)3,(CCGAGCCCC)4,(CCGCCCCCG)3,(CCGCCGCCC)3,(CCGCCGCCT)6,(CCGCCTCCG)6,(CCGCTCCTC)4,(CCGCTGCCC)8,(CCGGACCCC)3,(CCGGGGTGC)3,(CCGGTCCTG)3,(CCGTCCCCT)4,(CCGTGGTCG)4,(CCTCCAGCT)3,(CCTCCAGCT)4,(CCTCCCGCT)3,(CCTCCCTGG)6,(CCTCCGCCG)5,(CCTCCGTCC)4,(CCTCCTCGC)4,(CCTCCTCTT)6,(CCTCCTGCT)3,(CCTCCTGCT)5,(CCTCCTTCT)3,(CCTCGCCCT)3,(CCTCTCGCG)4,(CCTCTGGTC)3,(CCTCTTCCT)7,(CCTGCGCCC)3,(CCTGCTCCT)3,(CCTGCTCCT)5,(CCTGGCCTC)6,(CGACAGCGA)3,(CGACCCCCC)3,(CGACGACAG)3,(CGAGCCCCC)4,(CGCCCCCGC)3,(CGCCCCCTG)4,(CGCCCTCCT)3,(CGCCGCCCC)3,(CGCCGCCTC)6,(CGCCGTGGT)4,(CGCCTCCGC)5,(CGCCTCTCG)4,(CGCGCCTCT)4,(CGCTCCTCC)4,(CGCTCGGGC)3,(CGCTGCCCC)8,(CGGACCCCC)3,(CGGAGGCGT)4,(CGGCAGCAG)3,(CGGCTGAGG)3,(CGGGAGGAG)7,(CGGGCCGCT)3,(CGGGGCGTG)3,(CGGGGGCTC)3,(CGGTCCTGC)3,(CGTCCCCTC)4,(CGTCGGAGG)4,(CGTGCGGGG)3,(CGTGGTCGC)4,(CTCCAGCTC)3,(CTCCAGCTC)4,(CTCCCGCTC)3,(CTCCCTGGC)6,(CTCCGCCGC)5,(CTCCGGGGG)3,(CTCCGTCCC)3,(CTCCTCCAG)3,(CTCCTCCAG)4,(CTCCTCCCG)3,(CTCCTCCTG)3,(CTCCTCCTG)5,(CTCCTCGCC)4,(CTCCTCTTC)6,(CTCCTGCTC)3,(CTCCTGCTC)5,(CTCCTTCTC)3,(CTCGCCCTC)3,(CTCGCGCCT)4,(CTCGGGCCG)3,(CTCTCGCGC)5,(CTCTGGTCC)3,(CTCTTCCTC)7,(CTGAGGCGG)3,(CTGCCCCCG)9,(CTGCGCCCC)3,(CTGCTCCTC)3,(CTGCTCCTC)5,(CTGCTGCAG)3,(CTGGCCTCC)6,(CTGGTCCCT)3,(CTTCCTCCT)7,(GAAGGAGGA)3,(GACAGCGAC)3,(GACCCCCCG)3,(GACGACAGC)3,(GAGAAGGAG)3,(GAGCAGCAG)5,(GAGCAGGAG)7,(GAGCCCCCC)4,(GAGCGGGAG)7,(GAGGAGCAG)3,(GAGGAGCAG)7,(GAGGAGCGG)6,(GAGGAGGGG)3,(GAGGAGGTG)3,(GAGGCGGCT)3,(GAGGCGTCG)4,(GAGGGGGAG)3,(GAGGTGCAG)3,(GAGGTGGAG)3,(GCACCCGCC)3,(GCAGCAGCG)3,(GCAGCAGGA)3,(GCAGCAGGA)5,(GCAGCATCA)3,(GCAGCGGCA)3,(GCAGGAGCA)3,(GCAGGAGCA)6,(GCAGGAGGA)8,(GCAGGAGGG)3,(GCAGGAGGT)3,(GCATCAGCA)3,(GCCCCCCGA)4,(GCCCCCGCC)3,(GCCCCCGCT)8,(GCCCCCTGC)4,(GCCCGGGGT)3,(GCCCTCCTC)3,(GCCGCCCCC)3,(GCCGCCTCC)6,(GCCGGTCCT)3,(GCCGTGGTC)4,(GCCTCCCTG)6,(GCCTCCGCC)5,(GCCTCTCGC)4,(GCGCCCCCT)4,(GCGCCTCTC)4,(GCGCGGGGG)3,(GCGGCAGCA)3,(GCGGCTGAG)3,(GCGGGAGGA)7,(GCGTCGGAG)4,(GCGTGCGGG)3,(GCTCCCGGG)3,(GCTCCGGGG)3,(GCTCCTCCA)3,(GCTCCTCCA)4,(GCTCCTCCC)3,(GCTCCTCCT)3,(GCTCCTCCT)5,(GCTCGGCGG)3,(GCTCGGGCC)3,(GCTGCCCCC)9,(GCTGCGGGG)3,(GCTGCTCCT)3,(GCTGCTGCA)3,(GGACCCCCC)3,(GGAGAAGGA)3,(GGAGCAGCA)5,(GGAGCAGGA)7,(GGAGCGGGA)7,(GGAGGAGCA)3,(GGAGGAGCA)7,(GGAGGAGCG)6,(GGAGGAGGG)3,(GGAGGAGGT)3,(GGAGGCGTC)4,(GGAGGGGGA)3,(GGAGGTGCA)3,(GGAGGTGGA)3,(GGCAGCAGC)3,(GGCCGCTCG)3,(GGCCTCCCT)6,(GGCGCGGGG)3,(GGCGGCTGA)3,(GGCGTCGGA)4,(GGCGTGCGG)3,(GGCTCCGGG)3,(GGCTCGGCG)3,(GGCTCGGGG)3,(GGCTGCGGG)3,(GGGAGGAGC)6,(GGGAGGAGG)4,(GGGCCGCTC)3,(GGGCGTGCG)3,(GGGCTCCGG)3,(GGGCTCGGC)3,(GGGCTCGGG)3,(GGGGAGGAG)4,(GGGGCGTGC)3,(GGGGCTCCG)3,(GGGGCTCGG)3,(GGGGGAGGA)3,(GGGGGCTCC)3,(GGGGGCTCG)3,(GGGGGTCCC)3,(GGTCCCTCC)3,(GGTCCTGCC)3,(GGTCGCCGT)3,(GGTGCAGGA)4,(GGTGGAGGA)3,(GTCCCCTCC)3,(GTCCCCTCC)4,(GTCCCTCCG)3,(GTCGCCGTG)3,(GTCGGAGGC)4,(GTGCAGGAG)4,(GTGGAGGAG)3,(GTGGTCGCC)3,(TCCAGCTCC)3,(TCCAGCTCC)4,(TCCCCTCCG)4,(TCCCGCTCC)3,(TCCCTCTGG)3,(TCCCTGGCC)6,(TCCGCCGCC)5,(TCCGTCCCC)3,(TCCTCCAGC)3,(TCCTCCAGC)4,(TCCTCCCGC)3,(TCCTCCTCT)6,(TCCTCCTGC)3,(TCCTCCTGC)5,(TCCTCGCCC)3,(TCCTCTTCC)7,(TCCTGCTCC)3,(TCCTGCTCC)5,(TCGCCCTCC)3,(TCGCCGTGG)3,(TCGCGCCTC)4,(TCGGAGGCG)4,(TCGGGCCGC)3,(TCTCGCGCC)5,(TCTGGTCCC)3,(TCTTCCTCC)7,(TGAGGCGGC)3,(TGCAGGAGG)3,(TGCCCCCGC)8,(TGCGCCCCC)3,(TGCTCCTCC)3,(TGCTCCTCC)5,(TGCTGCTCC)3,(TGGAGGAGG)3,(TGGCCTCCC)6,(TGGTCCCTC)3,(TGGTCGCCG)3,(TTCCTCCTC)7
18,38,(CACCATC)3,(CCGCGCG)3,(CGCGCGC)3,(CTCCTTT)3,(GCCGCGC)3,(GCGCGCC)3,(GCGGGCG)3,(GGCGGGC)3,(GGTTCCC)3,(GTTCCCG)3,(TCCCGGT)3,(TCTCCTT)3,(TTCCCGG)3,(TTCTCCT)3,(TTGTTTT)3,(TTTCTCC)3,(TTTGTTT)3,(CCGCGCTT)3,(CGCGCTTC)3,(CGCTTCCG)3,(GCGCTTCC)3,(CCGCCCCCT)3,(CGCCCCCTC)3,(CGGAGGAGG)3,(CTCCGCCCC)3,(CTTTCTTTT)3,(CTTTTCTTT)3,(GCCCCCTCC)3,(GCGGAGGAG)3,(GGCGGAGGA)3,(TCCGCCCCC)3,(TCTTTCTTT)4,(TCTTTTCTT)3,(TTCTTTCTT)4,(TTCTTTTCT)3,(TTTCTTTCT)4,(TTTCTTTTC)3,(TTTTCTTTC)3
19,78,(ACCGGGC)3,(AGGGAAA)3,(CACCGGG)3,(CCCTGTG)3,(CCGCCCC)3,(CCTATAG)3,(CCTGTGC)3,(CGGTGGG)3,(CTATAGC)3,(CTGAGCT)3,(CTGTGCC)3,(CTTTTTT)3,(GCCCTGT)3,(GCCTATA)3,(GCGGTGG)3,(GCTGAGG)3,(GGCGGCG)3,(GGCGGTG)3,(GGCTGAG)3,(GGGAAAA)3,(GGGCGGC)3,(GGTGGGC)3,(GTGCCCT)4,(GTGGGCG)3,(TCTTTTT)3,(TGAGCTC)3,(TGCCCTG)3,(TGGGCGG)3,(TGTGCCC)3,(TTCTTTT)3,(TTTCTTT)3,(TTTTCTT)3,(TTTTTCT)3,(ATCCCGGT)3,(CACAGAAT)3,(CGTTAAGG)3,(GCGTTAAG)3,(GGCGTTAA)3,(GTTAAGGC)3,(TTAAGGCG)3,(AATGGGGTT)4,(AGCGCATGG)3,(AGGAGGAAG)3,(ATGGAGCGC)3,(ATGGGGTTA)4,(CATGGAGCG)3,(CCCCTCCTT)3,(CCCTCCTTC)3,(CCTCCTTCC)3,(CCTGCTTTC)3,(CCTTCCCCT)3,(CGCATGGAG)3,(CGGCGGCAC)3,(CGTTGGGGC)3,(CTCCTTCCC)3,(CTGCTTTCC)3,(GAGCGCATG)4,(GAGGAGGAA)3,(GCATGGAGC)3,(GCGCATGGA)3,(GCGGCACCG)3,(GGAGCGCAT)4,(GGCGGCACC)3,(GGGGCTGCT)3,(GGGGTTAAT)3,(GGGTTAATG)3,(GGTTAATGG)3,(GTTAATGGG)4,(GTTGGGGCC)3,(TAATGGGGT)4,(TCCCGTTGT)3,(TCCTTCCCC)3,(TGGAGCGCA)3,(TGGGGCCGT)3,(TGGGGCTGC)3,(TGGGGTTAA)4,(TTAATGGGG)4,(TTGGGGCCG)3
276,78,(AAGCCGG)4,(AGCCGGA)3,(AGGGCGC)4,(CAGGGCG)4,(CCCGCTG)3,(CCCGGTG)3,(CCGCTGC)3,(CCGGAAG)3,(CCGGGGG)3,(CCGGTGC)3,(CCTGCTC)3,(CGCAGGG)4,(CGCCCCG)3,(CGCCGCC)3,(CGCTGCC)3,(CGGAAGC)4,(CGGGCGG)3,(CGGGGGC)3,(CGGTGCC)3,(CGGTGCT)3,(CTCGGTG)3,(CTGCTCC)3,(CTGGGTG)3,(GAAGCCG)4,(GCAGGGC)4,(GCCCCGC)3,(GCCCGCT)3,(GCCGCCC)3,(GCCGGAA)3,(GCCGGGG)3,(GCGCAGG)3,(GCGCCCC)3,(GCGGGCG)3,(GCTCGGT)3,(GGAAGCC)4,(GGCCGGG)3,(GGCGCAG)3,(GGCGGCG)3,(GGGCGCA)4,(GGGGCCG)3,(GGGGGCC)3,(GGGTGCG)3,(GGTGCGG)3,(GGTGCTC)3,(GTGCTCG)3,(TCGGTGC)3,(TGCTCGG)3,(TGGGTGC)3,(CCCCGTGT)3,(CCCGTGTC)3,(CCGTGTCC)3,(CGTGTCCC)3,(GTCCCCGT)3,(TCCCCGTG)3,(TGTCCCCG)3,(TTCTATGA)3,(ACCGGGAGC)3,(CACCGGGAG)3,(CCCCCGGAG)3,(CCCCGGAGC)3,(CCCCTCAGC)3,(CCCTCAGCC)3,(CCTCAGCCC)3,(CGCGCTGTG)3,(CGCTGTGCG)3,(CGGCGGTTG)3,(CTCAGCCCC)3,(CTGCTGAGG)3,(GCACCGGGA)3,(GCGCGCTGT)3,(GCGCTGTGC)3,(GCGGCGGTT)3,(GCTCCTCCT)3,(GCTGCTGAG)3,(GTGCGCGCT)3,(TCAGCCCCC)3,(TGCGCGCTG)3,(TGCTGAGGC)3
21,61,(AGCCGGG)3,(ATCCGTG)4,(CCGGGAG)3,(CCGTGAT)5,(CCTCTCT)3,(CGGGAGC)3,(CGTGATC)5,(CTCTCTC)3,(GAGCCGG)4,(GATCCGT)5,(GCCGGGA)3,(GGAGCCG)3,(GGGAGCC)3,(GTGATCC)5,(TCCGTGA)5,(TCTCTCC)3,(TGATCCG)5,(AAACAGAC)3,(AACAGACA)3,(ACAAACAG)3,(ACAGACAA)3,(ACTCCCTC)3,(AGACAAAC)3,(AGTCCGTG)6,(CAAACAGA)3,(CAGACAAA)3,(CCGTGAGT)5,(CGTGAGTC)5,(CTCTCTGT)3,(CTCTGTGT)6,(CTGTGTCT)6,(CTTTCTCT)3,(GACAAACA)3,(GAGTCCGT)6,(GTCCGTGA)6,(GTCTCTGT)6,(GTGAGTCC)6,(GTGTCTCT)6,(TCCGTGAG)6,(TCTCTCTG)3,(TCTCTGTG)6,(TCTGTGTC)6,(TGAGTCCG)6,(TGTCTCTG)6,(TGTGTCTC)6,(TTTCTCTC)3,(ACGTCGCGC)3,(ATCGTCGTC)6,(CACGTCGCG)3,(CATCGTCGT)6,(CGCACGTCG)3,(CGCGCACGT)3,(CGTCATCGT)7,(CGTCGTCAT)6,(GCACGTCGC)3,(GCGCACGTC)3,(GTCATCGTC)7,(GTCGTCATC)6,(TCATCGTCG)6,(TCGTCATCG)7,(TCGTCGTCA)6
277,47,(AAAAAAC)3,(AGGGCAG)3,(CCCCCCG)3,(CCCCCGC)3,(CCCCGCC)4,(CCCCGCG)3,(CCCGCCC)3,(CCCGCGC)3,(CCGCCCC)3,(CCGCCCG)3,(CCGCGCC)3,(CGCCCCC)3,(CGCCCGC)3,(CGCCGCC)3,(CGCGCCC)3,(CGCGGGG)3,(CGGGGCG)3,(GAGGGCA)3,(GCCCCCC)3,(GCCGCCC)3,(GCGCGGG)3,(GCGGGGC)3,(GGCGCGG)3,(GGGCCCT)3,(GGGCGCG)3,(CCCGCCGC)5,(CCGCGGGG)3,(CGCGGGGC)3,(CGCTCCCT)3,(CTCGCTCC)3,(GCCGCGGG)3,(GCGGCGGG)4,(GCTCCCTC)3,(GGCCGCGG)3,(TCGCTCCC)3,(AGAGGAGGG)4,(AGGAGGGAG)4,(AGGGAGAGG)5,(CCCCGCGCC)3,(CCCGCGCCC)3,(GAGAGGAGG)4,(GAGGAGGGA)4,(GAGGGAGAG)5,(GCAGCAGCG)3,(GGAGAGGAG)4,(GGAGGGAGA)4,(GGGAGAGGA)4
150,88,(AAGCCGG)4,(ACAGACC)3,(ACCACAG)3,(AGCCGGA)4,(AGCGACC)3,(ATTTTTT)3,(CACAGAC)3,(CAGCGAC)3,(CCACAGA)3,(CCCGCCG)4,(CCGCCCG)3,(CCGCCGC)4,(CCGGAAG)4,(CCTTTGC)3,(CGCCCGC)3,(CGCCGCC)3,(CGGAAGC)4,(CGGGTGC)3,(CTCTGAC)3,(CTGACCT)3,(CTGCCGG)3,(CTTCCGG)3,(CTTTGCC)3,(GAAGCCG)4,(GACCACA)3,(GCCCGCC)3,(GCCGCCC)3,(GCCGGAA)4,(GCTGCCG)3,(GCTTCCG)3,(GGAAGCC)4,(GGCTGCC)3,(GGCTTCC)3,(GGGTGCC)3,(GTTTTTT)3,(TATTTTT)3,(TCTGACC)3,(TGACCTC)3,(TGACCTT)3,(TGCCGGC)3,(TGCTTTT)3,(TGTTTTT)3,(TTAAAAA)3,(TTATTTT)3,(TTCCGGC)3,(TTGTTTT)3,(TTTATTT)3,(TTTCTTT)3,(TTTGTTT)3,(TTTTATT)3,(TTTTGTT)3,(TTTTTAT)3,(TTTTTGT)3,(TTTTTTA)3,(AGCGAGCC)3,(CCGGGCGG)3,(CGAGCCAG)3,(CGGGCGAG)3,(CGGGCGGC)3,(GCCGGGCG)3,(GCGAGCCA)3,(GCTGGGTG)4,(GGCCGGGC)3,(GGCGAGCG)3,(GGCTGGGT)4,(GGGCGAGC)3,(GGTGGCTG)4,(GTATGTGT)3,(GTGGCTGG)4,(GTGTATGT)3,(GTTTTTTT)3,(TAGTAATG)3,(TATGTGTG)3,(TGGCTGGG)4,(TGTATGTG)3,(TGTGTATG)3,(TGTTTTTT)3,(TTGTTTTT)3,(TTTGTTTT)3,(TTTTGTTT)3,(TTTTTGTT)3,(AAAAAAAAC)3,(CCGCCTGTG)3,(CCTGTGCCG)3,(CGCCTGTGC)3,(CTGTGCCGC)3,(GCCGCCTGT)3,(GCCTGTGCC)3
23,14,(AGCGGCG)3,(AGGCGGG)3,(AGGGCGG)3,(CGGGAGG)3,(GAGGCGG)3,(GGAGGCG)3,(GGGAGGC)3,(AAGCCTAGG)3,(AGCCTAGGA)3,(CCTAGGAAG)3,(GCCTAGGAA)3,(TCTTTCTTT)3,(TTCTTTCTT)3,(TTTCTTTCT)3
280,47,(AGGCAGG)3,(CGGCGGG)3,(CGGGCGG)3,(GAGGCAG)3,(GCGGCGG)3,(GCGGGCG)3,(GGAGGCA)3,(GGCGGCG)3,(GGCGGCG)4,(GGCGGGC)3,(GGGCGGC)3,(GGGCGGC)4,(CCCCGCCT)3,(CCCGCCTC)3,(CCGCCTCC)3,(CCTCCCCG)3,(CGCCTCCC)3,(CGCGCGGG)3,(CGGGCGCG)3,(CTCCCCGC)3,(CTCCGGGG)3,(CTCTCCCT)3,(CTCTCTCC)3,(GAGGAGCC)3,(GCCTCCCC)3,(GCCTGCCG)3,(GCGCGCGG)3,(GCGCGGGC)3,(GCGGGCGC)3,(GCTCCGGG)3,(GGCGCGCG)3,(GGCTCCGG)3,(GGGCGCGC)3,(GGGCTCCG)3,(TCCCCGCC)3,(TCTCCCTC)3,(TCTCTCCC)3,(ACCCAGATC)3,(AGATCACCC)3,(ATCACCCAG)3,(CACCCAGAT)3,(CAGATCACC)3,(CCAGATCAC)3,(CCCCGCGCC)3,(CCCGCGCCC)3,(GATCACCCA)3,(TCACCCAGA)3
27,114,(AAAAATA)3,(AAAATAA)3,(AAATAAA)3,(ACCTCTG)3,(AGAGAAG)3,(AGGTTCC)4,(ATCCCCC)3,(ATCCTTG)3,(ATTTTAC)3,(CAGGTTC)4,(CATCCCC)3,(CATTTTA)3,(CCAGGTT)4,(CCATCCC)4,(CCCATCC)4,(CCCCATC)4,(CCCCCAC)3,(CCCCCAT)3,(CCCCCCA)3,(CCCTAAC)3,(CCGTTCT)3,(CCTAACC)3,(CCTCTGA)3,(CCTTGAT)3,(CTCCGTT)3,(CTCTGAC)3,(CTCTGTC)3,(CTGACCT)3,(CTGTCCT)3,(CTGTGAC)3,(CTGTGTT)3,(CTTGATC)3,(GACCTCT)3,(GATCCTT)3,(GGGGGTG)3,(GGTTAGG)3,(GGTTCCA)5,(GTGTTCT)3,(GTTCCAG)5,(GTTCTCC)3,(GTTCTGT)4,(TCCAGGT)4,(TCCCCCA)3,(TCCGTTC)3,(TCCTTGA)3,(TCTCCGT)3,(TCTGACC)3,(TCTGTCC)3,(TCTGTGT)3,(TGATCCT)3,(TGTCCTC)3,(TGTGTTC)3,(TGTTCTG)3,(TTCCAGG)5,(TTCTCCG)3,(TTCTGTG)4,(TTCTTAA)3,(TTGATCC)3,(TTTCTTT)3,(TTTTACA)3,(TTTTCTT)3,(ACACACTC)3,(ACACTCAC)3,(ACCTGGTC)3,(ACCTGGTT)3,(ACCTGGTT)4,(AGTGTGTG)3,(ATCTGTCT)5,(CACACACT)3,(CACACTCA)3,(CACCTGGT)3,(CCCGCAGA)3,(CCTGGTCA)3,(CCTGGTTA)3,(CCTGGTTA)4,(CCTGTTGA)3,(CTAACCCT)3,(CTAACGTG)3,(CTATCTGT)5,(CTGCTGTG)3,(CTGGTCAC)3,(CTGGTTAC)3,(CTGGTTAC)4,(CTGTCTAT)4,(CTGTGCTG)3,(CTGTTGAC)3,(GAGTGTGT)3,(GCTAACGT)3,(GCTGCTGT)3,(GCTGTGCT)3,(GGTCACCT)3,(GGTTACCT)4,(GTCACCTG)3,(GTCTATCT)4,(GTGAGTGT)3,(GTGCTGCT)3,(GTTACCTG)4,(TAACGTGC)3,(TACCTGGT)4,(TATCTGTC)5,(TCACCTGG)3,(TCTATCTG)5,(TCTGTCTA)4,(TGAGTGTG)3,(TGCTGCTG)3,(TGCTGTGC)3,(TGGTCACC)3,(TGGTTACC)4,(TGTCTATC)4,(TGTGCTGC)3,(TTACCTGG)4,(ATGAGTCTG)3,(GAGTCTGAT)3,(TGAGTCTGA)3
31,241,(AAAAAAC)3,(AAAAAAG)3,(AAAAACA)3,(AAAAAGA)3,(AAAACAA)3,(AAAAGAA)3,(AAACAAA)3,(AAAGAAA)3,(AACAAAA)3,(AAGAAAA)3,(AAGCCGG)3,(AATCCCG)3,(ACCCCTG)3,(ACCTCGC)3,(AGCCCGC)4,(AGCCGCC)4,(AGCCGCC)5,(AGCCGGA)3,(AGGAGCG)3,(AGGGCGG)3,(ATTTTTT)3,(CACCTCG)3,(CAGCCCG)4,(CAGCCGC)4,(CAGCCGC)5,(CCAGCCG)3,(CCAGCCG)5,(CCCCCCG)3,(CCCCCGC)3,(CCCCGCC)3,(CCCCTGA)3,(CCCGCAG)3,(CCCGCCC)3,(CCCGGCT)3,(CCCTGAC)3,(CCCTTCC)3,(CCGAATC)3,(CCGCAGC)3,(CCGCCAG)4,(CCGCCAG)5,(CCGCCGG)3,(CCGCTGT)4,(CCGGCTC)3,(CCTGACC)3,(CCTTCCC)3,(CGAATCC)3,(CGAGGAG)3,(CGAGTCT)3,(CGCACCT)3,(CGCAGCC)3,(CGCCAGC)4,(CGCCAGC)5,(CGCCCCC)3,(CGCCGGC)3,(CGCTGTC)4,(CGGAAGC)3,(CGGAGGG)3,(CGGCAGG)3,(CGGCCGC)3,(CGGGCGG)3,(CGGGCTG)3,(CTCCCCG)3,(CTCCCGG)3,(CTGTCCG)3,(GAAGCCG)3,(GAATCCC)3,(GACCCCT)3,(GAGGAGC)3,(GAGGGCG)3,(GAGTCTC)3,(GCACCTC)3,(GCAGCCC)3,(GCAGGCG)3,(GCCAGCC)4,(GCCCCCC)3,(GCCCGCA)3,(GCCGCCA)4,(GCCGCCA)5,(GCCGCCC)3,(GCCGCCG)3,(GCCGGAA)3,(GCCGGCC)3,(GCCTCCC)3,(GCGCGGG)3,(GCGGAGG)3,(GCGGCAG)3,(GCGGCGG)3,(GCGGGCG)3,(GCGGGCT)3,(GCGTGCC)3,(GCTCCCC)3,(GCTCCCG)3,(GCTGTCC)3,(GGAACCA)3,(GGAAGCC)3,(GGCAGGC)3,(GGCCGCC)3,(GGCGGAG)3,(GGCGGCA)3,(GGCGGCG)3,(GGCTCCC)3,(GGGCGGA)3,(GGGCGGC)3,(GGGCTGC)3,(GGGGTTC)3,(GGGTTCG)3,(GGTCGCA)3,(GGTTCGG)3,(GTCCGCT)3,(GTCGCAG)3,(GTGTGTT)3,(GTGTTGT)3,(GTTTTTT)3,(GTTTTTT)4,(GTTTTTT)6,(TATTTTT)3,(TCCCCGC)3,(TCCCGGC)3,(TCCGCTG)3,(TCGCAGG)3,(TGTCCGC)3,(TGTGTGT)3,(TGTGTTG)3,(TGTTGTG)3,(TGTTTTT)4,(TGTTTTT)6,(TTAATTT)3,(TTATTTT)3,(TTGTTTT)4,(TTGTTTT)6,(TTTAATT)3,(TTTATTT)3,(TTTGTTT)4,(TTTGTTT)6,(TTTTAAT)3,(TTTTATT)3,(TTTTGTT)4,(TTTTGTT)5,(TTTTTAA)3,(TTTTTGT)3,(TTTTTGT)5,(TTTTTTG)3,(TTTTTTG)6,(ACAGAGAG)4,(AGACAGAG)4,(AGAGACAG)4,(AGAGAGAC)3,(AGCAGGGG)5,(AGCGGCGG)3,(AGGCTTCC)5,(AGGGGAGC)5,(CAGAGAGA)4,(CAGGCTTC)5,(CAGGGGAG)5,(CCAGGCTT)5,(CCCCGCTG)5,(CCCGCTGC)5,(CCCGGAGC)3,(CCCGTCCT)3,(CCGCTGCC)5,(CCGGAGCC)3,(CCGTCCTC)3,(CCTCCCGT)4,(CGCTGCCC)4,(CGGAGCCC)3,(CGGAGCGG)3,(CGGCGGAG)3,(CGGCGGCG)3,(CGTCCTCC)3,(CTCCCGTC)4,(CTGCCCCG)5,(CTGTCTCT)3,(CTTCCAGG)6,(GACAGAGA)4,(GAGACAGA)4,(GAGAGACA)3,(GAGCAGGG)5,(GAGCGGCG)3,(GCAGGGGA)5,(GCCCCGCT)5,(GCCTCTCT)3,(GCGCGCAG)3,(GCGGAGCG)4,(GCGGCGGA)3,(GCTGCCCC)5,(GCTTCCAG)6,(GGAGCAGG)5,(GGAGCGGC)3,(GGCGCGCA)3,(GGCGGAGC)3,(GGCTTCCA)6,(GGGAGCAG)5,(GGGGAAGG)3,(GGGGAGCA)5,(GGGGGCGC)3,(GTCCTCCC)3,(GTCTCTCT)3,(TCCAGGCT)5,(TCCCGTCC)4,(TCCTCCCG)3,(TCTGTCTC)3,(TGCCCCGC)5,(TGTCTCTC)3,(TGTGTGTC)3,(TTCCAGGC)5,(TTTTTTTA)3,(AGCACCAGC)3,(AGCAGCACC)3,(AGCGGGGCG)4,(CAGCACCAG)3,(CAGCAGCAC)3,(CCCCGGGGA)3,(CCCGGGGAC)3,(CCGGGGACC)3,(CCTCCGCGG)3,(CCTCCTCCC)3,(CGAGCGGGG)4,(CGCGGAGGG)3,(CGGAGGGCG)3,(CGGGGACCC)3,(CGGGGCGAG)3,(CTCCCCCGT)3,(CTCCGCGGC)3,(CTCCTCCCC)3,(GAGCGGGGC)4,(GCAGCACCA)3,(GCGAGCGGG)4,(GCGCGGAGG)3,(GCGGAGGGC)3,(GCGGGGCGA)3,(GGCGAGCGG)4,(GGCGCGGAG)3,(GGGCGAGCG)4,(GGGCGCGGA)3,(GGGGCGAGC)3,(GGTGGCGCA)4,(GTGGCGCAG)4,(GTTTTGTTT)3,(TCCGCGGCC)3,(TCCTCCCCC)3,(TGTTTTGTT)3
163,110,(AGGCACC)3,(ATCCCGC)4,(CAGGCAC)3,(CATCCCG)4,(CCCCGCG)3,(CCCGCAT)5,(CCCGCCG)3,(CCCGCCG)4,(CCCGCGC)3,(CCCTCCG)3,(CCGCATC)5,(CCGCCCG)4,(CCGCCGC)3,(CCGCCGC)4,(CCGCCTC)3,(CCGCGCC)3,(CCGGGCC)3,(CCTCCCG)3,(CCTCCGC)3,(CGCATCC)5,(CGCCCCC)3,(CGCCCGC)4,(CGCCGCC)3,(CGCCTCC)3,(CGCGAGG)3,(CGCGCCC)3,(CTCCCGC)3,(CTCCGCC)3,(CTGGCCG)3,(GAGGTCC)3,(GCATCCC)4,(GCCCCGC)3,(GCCCGCC)3,(GCCCGCC)4,(GCCCTCC)3,(GCCGCCC)3,(GCCGCCC)4,(GCCTCCC)3,(GCGCCCC)3,(GCGCGAG)3,(GGGCCCG)3,(GGGGCCC)3,(TCCCGCA)4,(TCCCGCC)3,(TCCGCCC)3,(TGGCCGC)3,(AGTCCGCC)4,(CAGTCCGC)4,(CCAGTCCG)3,(CCCCTCCG)4,(CCCTCCGC)4,(CCCTCTGT)3,(CCGCCAGT)3,(CCGCCCCT)4,(CCTCCGCC)4,(CCTCTGCG)4,(CCTCTGTC)3,(CGCCAGTC)3,(CGCCCCTC)4,(CGCCTCTG)4,(CGGGGTGG)3,(CTCCGCCC)4,(CTCTGCGC)4,(CTCTGTCC)3,(CTGCGCCT)4,(CTGCTGGG)4,(CTGGGCTG)5,(GCCAGTCC)3,(GCCCCTCC)4,(GCCTCTGC)4,(GCGCCTCT)4,(GCGGGGTG)3,(GCTGCTGG)4,(GCTGGGCT)5,(GGCGGGGT)3,(GGCTGCTG)4,(GGGCTGCT)5,(GGGGTGGC)3,(GGGTGGCG)3,(GGTGGCGG)3,(GTCCGCCA)4,(GTGGCGGG)3,(TCCGCCAG)3,(TCCGCCCC)4,(TCTGCGCC)4,(TCTGTCCC)3,(TGCGCCTC)5,(TGCTGGGC)5,(TGGCGGGG)3,(TGGGCTGC)5,(AAGCCGAGC)3,(AGCAAGCCG)3,(AGCGGCGGC)3,(CAAGCCGAG)3,(CAGCGGCGG)3,(CCCGCCCCG)3,(CCGCCCCGC)3,(CGGCAGCGG)3,(CGGCGGCAG)3,(CTCGCCGCC)3,(CTGGAGCCG)3,(GCAAGCCGA)3,(GCCCGCCCC)3,(GCGGCAGCG)3,(GCGGCGGCA)3,(GCTGGAGCC)3,(GGCAGCGGC)3,(GGCGGCAGC)3,(GGCGGCCAG)3,(TGGAGCCGC)3
165,17,(AAAGAGG)3,(AAGAGGA)3,(AGAGGAA)3,(AGGAAAG)3,(GAAAGAG)3,(GAGGAAA)3,(GGAAAGA)3,(ATTCTATG)3,(CTCCCTTC)3,(CTGGCTGC)3,(GATTCTAT)3,(GTCATAGA)3,(TCCCTTCC)3,(TGGCTGCC)3,(TTCTATGA)3,(TTCTCTCT)3,(TTTCTCTC)3
293,20,(AAAAAAC)3,(AAAAACA)3,(AAAACAA)3,(AAGTGGA)3,(AGTGGAA)3,(CCAGGCT)3,(GTGGAAA)3,(TGTTTTT)3,(TTGTTTT)3,(CTTTCTCT)3,(GTTTTTTT)3,(TGTTTTTT)3,(TTCTCTCT)3,(TTGTTTTT)3,(TTTCTCTC)3,(TTTGTTTT)3,(TTTTGTTT)3,(TTTTTGTT)3,(TTTTTTGT)4,(TTTTTTTG)4
41,12,(GCCGGGC)3,(CCTCCTCG)5,(CCTCGCCT)6,(CGCCTCCT)6,(CTCCTCGC)5,(CTCGCCTC)6,(GCCTCCTC)5,(TCCTCGCC)5,(TCGCCTCC)6,(CGTGCGTGG)3,(GCGTGCGTG)3,(GGCGTGCGT)3
298,42,(AAAAAAC)3,(AGCCTCC)3,(AGGGGGC)3,(AGGTCCC)6,(CAGCCTC)3,(CAGGGGG)3,(CAGGTCC)6,(CCAGCCT)3,(CCAGGTC)6,(CCCAGGT)6,(CCCCTCT)3,(CCCTCTC)3,(CCTCTCC)3,(CTCCAGC)3,(GCCTCCA)3,(GGGTGGG)3,(GGTCCCA)7,(GGTGGGG)3,(GTCCCAG)7,(GTGGGGG)3,(TCCAGCC)3,(TCCCAGG)7,(TGGGGGG)3,(TGTTTTT)3,(TTTTTTC)3,(ATGGTTTT)3,(TATGGTTT)3,(TTATGGTT)3,(TTTATGGT)3,(AGCATCCGT)4,(ATCCGTAGC)4,(CATCCGTAG)4,(CCGTAGCAT)4,(CCTTTCTTT)3,(CGTAGCATC)4,(CTTTCTTTC)3,(GCATCCGTA)4,(GTAGCATCC)4,(TAGCATCCG)4,(TCCGTAGCA)4,(TTCTTTCCT)3,(TTTCTTTCC)3
299,113,(ACTGCCG)3,(AGAGAGG)3,(AGAGGAG)3,(AGCAGCC)3,(AGCCAGC)4,(AGCCGCC)3,(AGGAGAG)3,(CAGCAGC)3,(CAGCCAG)4,(CAGCCGC)3,(CCAGCAG)3,(CCCGCCG)3,(CCCGCCT)4,(CCGACTG)3,(CCGCCTC)4,(CCGGAAG)3,(CCGGAGC)3,(CCGGAGG)3,(CCGGCTC)3,(CCTCCCG)5,(CCTGCTG)7,(CGACTGC)4,(CGCCTCC)5,(CGGAAGC)3,(CGGAGCC)3,(CGGAGGC)3,(CGGCTCC)3,(CGGGAAG)3,(CGGGGGT)3,(CTCCCGC)5,(CTGCCGA)3,(CTGCCTG)7,(CTGCTGC)7,(GAAGCCG)3,(GAAGCGG)3,(GACTGCC)4,(GAGAGAG)3,(GAGAGGA)3,(GAGGAGA)3,(GCAGCCA)3,(GCCAGCA)3,(GCCGACT)3,(GCCGGAA)3,(GCCGGAG)3,(GCCTCCC)5,(GCCTGCC)3,(GCCTGCT)7,(GCGGGAA)3,(GCTGCCT)7,(GGAAGCC)3,(GGAAGCG)3,(GGAGAGA)3,(GGGAAGC)3,(GGGCTGC)3,(GGGGGTC)3,(GGGGTCG)4,(GGGTCGG)4,(GGTCGGG)4,(GTCGGGG)4,(TCCCGCC)5,(TCGGGGG)4,(TCTTTTT)3,(TGCCGAC)3,(TGCCTGC)7,(TGCTGCC)7,(TTCTTTT)3,(TTTCTTT)3,(AGCCGACG)3,(AGGCTGGG)3,(CCCCGCTG)3,(CCCGCTGC)3,(CCGACGAG)3,(CCGCTGCC)4,(CGACGAGC)3,(CGCTGCCC)4,(CTCTCTGT)3,(CTCTGTCT)3,(CTGAGAGG)3,(CTGCCCCG)4,(CTGTCTCT)3,(GAGCCGAC)3,(GAGGCTGG)3,(GCCCCGCT)3,(GCCGACGA)3,(GCTGAGAG)3,(GCTGCCCC)4,(TCTCTCTG)3,(TCTCTGTC)3,(TCTGTCTC)3,(TGAGAGGC)3,(TGCCCCGC)4,(TGTCTCTC)3,(AGTGGCGGC)3,(CAGTGGCGG)3,(CCGCCGTCT)3,(CCGTCTCCG)3,(CCTCCTCTT)3,(CCTCTTCCT)3,(CGCCGTCTC)3,(CGGCAGTGG)3,(CGTCTCCGC)4,(CTCCGCCGT)3,(CTCCTCTTC)3,(GCAGTGGCG)3,(GCCGTCTCC)3,(GCGGCAGTG)3,(GGCAGTGGC)3,(GGCGGCAGT)3,(GTCTCCGCC)4,(TCCGCCGTC)3,(TCCTCCTCT)3,(TCCTCTTCC)3,(TCTCCGCCG)4
173,42,(AGGGGTC)3,(CCCCTCT)3,(CCCTCTC)3,(CCGCGCC)3,(CCTCTCC)3,(CCTGGGG)4,(CGCGCCC)3,(CTCCCCT)3,(CTCTCCC)3,(CTGGGGC)4,(GCCTGGG)3,(GCGCCCC)3,(GGCCTGG)3,(GGGCCTG)3,(GGGCGCG)3,(GGGGCCT)3,(GGGGCGC)3,(GGGGTCA)3,(TCCCCTC)3,(TCTCCCC)3,(TCTCTTC)3,(TGGGGCC)4,(ACCGGGCC)3,(AGCCGCGG)3,(CACCGGGC)3,(CCACCGGG)3,(CCCGCCTG)4,(CCGCCTGC)4,(CCGTCCGC)3,(CCTGCCCG)3,(CGCCGGAC)3,(CGCCTGCC)4,(CGGAGCCG)3,(CGTCCGCC)3,(CTGCCCGC)3,(GAGCCGCG)3,(GCCACCGG)3,(GCCCGCCT)4,(GCCTGCCC)3,(GCGGAGCC)3,(GGAGCCGC)3,(TGCCCGCC)3
302,453,(AAAACAA)3,(AAAATAA)3,(AAACAAA)3,(AAATAAA)3,(ACTCGGG)3,(AGCCCCG)4,(AGCCCGG)3,(AGCCGCG)3,(AGCCTGC)3,(AGCGCCC)3,(AGCGGCG)5,(AGGCGGG)3,(AGGGCGG)3,(AGGGGTC)3,(ATTTTTT)3,(CAGCCTG)3,(CAGCGCC)3,(CAGGGGT)3,(CCACCTG)3,(CCAGCGC)3,(CCCAGCG)3,(CCCCCCG)3,(CCCCCGC)3,(CCCCGAG)4,(CCCCGCC)3,(CCCCGCG)3,(CCCCGCG)4,(CCCCGCT)3,(CCCCGCT)5,(CCCGAGC)4,(CCCGCCC)3,(CCCGCCG)3,(CCCGCCG)4,(CCCGCCG)5,(CCCGCCG)6,(CCCGCGC)3,(CCCGCGC)4,(CCCGCTC)3,(CCCGCTC)5,(CCCGGAG)3,(CCCGTGG)3,(CCCTCGG)3,(CCGAGCC)4,(CCGCCCC)3,(CCGCCCG)3,(CCGCCCG)4,(CCGCCCG)6,(CCGCCGC)3,(CCGCCGC)4,(CCGCCGC)5,(CCGCGAG)3,(CCGCGCC)3,(CCGCGCC)4,(CCGCGCT)3,(CCGCTCC)3,(CCGCTCC)5,(CCGGAGC)3,(CCGGGCT)5,(CCGGTGG)4,(CCGTGGC)3,(CCTCGGC)3,(CCTGCAG)3,(CCTGCCA)4,(CCTGCTC)3,(CGAGCCC)4,(CGAGCCG)3,(CGAGCGG)5,(CGCCCAG)4,(CGCCCCC)3,(CGCCCCG)3,(CGCCCCG)4,(CGCCCCG)5,(CGCCCGC)3,(CGCCCGC)4,(CGCCCGC)5,(CGCCCGC)6,(CGCCGCC)3,(CGCCGCC)4,(CGCCGCC)5,(CGCGAGC)3,(CGCGCCC)3,(CGCGCCC)4,(CGCGCTC)3,(CGCGGGG)3,(CGCGGGG)4,(CGCGGGG)5,(CGCTCCC)3,(CGCTCCC)5,(CGGAGCC)4,(CGGCGAG)5,(CGGCGGG)3,(CGGCGGG)6,(CGGGAGG)3,(CGGGCGG)3,(CGGGCGG)5,(CGGGCGG)6,(CGGGCTC)6,(CGGGGAG)3,(CGGGGCG)3,(CGGGGCG)5,(CGGGGGG)3,(CGGTGGC)5,(CGTGGCC)3,(CTCCCCG)4,(CTCCGCG)3,(CTCCGGG)5,(CTCGGCC)3,(CTCGGGA)3,(CTGCAGC)3,(CTGCCAC)3,(CTGCTCC)3,(GAGCCCC)4,(GAGCCCG)3,(GAGCCGC)3,(GAGCGGC)5,(GAGGCGG)3,(GAGGGCG)3,(GCAGCCT)3,(GCCACCT)3,(GCCCAGC)3,(GCCCCCC)3,(GCCCCGA)3,(GCCCCGC)3,(GCCCCGC)4,(GCCCCGC)5,(GCCCGCC)3,(GCCCGCC)4,(GCCCGCC)5,(GCCCGCC)6,(GCCCGGA)3,(GCCCGTG)3,(GCCCTCG)3,(GCCGCCC)3,(GCCGCCC)4,(GCCGCCC)5,(GCCGCCC)6,(GCCGCGA)3,(GCCGGTG)4,(GCCTGCA)3,(GCGAGCC)3,(GCGAGCG)5,(GCGCCCA)3,(GCGCCCC)3,(GCGCCCC)4,(GCGCGGG)3,(GCGCGGG)5,(GCGGCGA)5,(GCGGCGG)3,(GCGGCGG)4,(GCGGCGG)6,(GCGGGCG)3,(GCGGGCG)5,(GCGGGCG)6,(GCGGGGA)3,(GCGGGGC)3,(GCGGGGC)4,(GCGGGGC)5,(GCGGGGG)3,(GCTCCCC)3,(GCTCCCC)4,(GCTCCGG)5,(GCTCGGG)4,(GGAGCCC)3,(GGAGGCG)3,(GGAGGGC)3,(GGCCGGT)4,(GGCGAGC)5,(GGCGCGG)3,(GGCGCGG)4,(GGCGCGG)5,(GGCGGCG)3,(GGCGGCG)6,(GGCGGGC)3,(GGCGGGC)5,(GGCGGGC)6,(GGCGGGG)3,(GGCTCCG)6,(GGCTCGG)4,(GGGAGGC)3,(GGGCGCG)3,(GGGCGCG)5,(GGGCGGC)3,(GGGCGGC)6,(GGGCGGG)3,(GGGCTCC)6,(GGGGAGC)3,(GGGGCGC)3,(GGGGCGC)4,(GGGGCGG)3,(GGGGGCG)3,(GGGGGGC)3,(GGGGGGT)4,(GGGGGTG)4,(GGGGTGG)5,(GGGTGGG)5,(GGTGGCC)5,(GGTGGGG)5,(GTCAGGG)3,(GTGGCCC)3,(GTGGCCG)5,(GTGGGGG)5,(TATTTTT)3,(TCAGGGG)3,(TCCCCGC)4,(TCCGCGC)3,(TCCGGGC)5,(TCGGCCC)3,(TCGGGAC)3,(TGCCACC)3,(TGGCCCG)3,(TGGCCGG)4,(TGGGGGG)4,(TTATTTT)3,(TTTATTT)3,(TTTTATT)3,(TTTTTAT)3,(TTTTTTA)4,(AAAAAAGA)3,(AAAAAGAA)3,(AAAAGAAA)3,(AAAGAAAA)3,(AACAAAGA)3,(AAGAAAAA)3,(ACAAAGAA)3,(AGCCCGCG)3,(AGCCCGGG)3,(AGGCGGGC)3,(AGGTGGGC)3,(ATTTTTTT)3,(CAAAGAAA)3,(CAGCCCGC)3,(CAGGTGGG)3,(CCAGCCCG)3,(CCCCCGCG)3,(CCCCGCGC)3,(CCCCGGCC)3,(CCCCGTCG)4,(CCCCTCCG)3,(CCCGCGCC)3,(CCCGGCCC)3,(CCCGGGCT)3,(CCCGTCGC)4,(CCCTCCGC)3,(CCCTGAGC)3,(CCGCCAGC)3,(CCGCCCCT)3,(CCGCCGCC)3,(CCGCCTCC)3,(CCGCGCCC)3,(CCGCGGGG)3,(CCGGCCCC)3,(CCGGGCTC)3,(CCGTCGCC)4,(CCTCCCCG)3,(CCTCCGCC)3,(CCTCCTTC)3,(CGCCAGCC)3,(CGCCCCGT)4,(CGCCCCTC)3,(CGCCGCCG)3,(CGCCTCAG)3,(CGCCTCCC)3,(CGCGCCCC)3,(CGCGGGGC)3,(CGGCCCCC)3,(CGGCGGGG)4,(CGGGCAGG)3,(CGGGCTCC)3,(CGGGGCCG)3,(CGGGGCGG)4,(CGGGGCTG)5,(CGGGGGCG)3,(CGGGGGGC)3,(CGGGTGCT)7,(CGTCGCCC)4,(CTCCCCGC)3,(CTCCGCCC)3,(CTCCTTCC)3,(CTCGGGTG)6,(CTGCGGGG)5,(GAGCCCGC)3,(GAGCCCGG)3,(GCAGGTGG)3,(GCCAGCCC)3,(GCCCCGTC)4,(GCCCCTCC)3,(GCCGCCGC)3,(GCCGCGGG)3,(GCCTCAGC)3,(GCCTCCCC)3,(GCGCCCCC)3,(GCGGCGGG)4,(GCGGGCAG)3,(GCGGGGCC)3,(GCGGGGCG)4,(GCGGGGCT)5,(GCGGGGGC)3,(GCTCCCGG)3,(GCTCGGGT)6,(GCTGCGGG)6,(GGAGCCCG)3,(GGCAGGTG)3,(GGCCGCGG)3,(GGCCTCCC)3,(GGCGGAGG)3,(GGCGGCGG)4,(GGCGGGCA)3,(GGCGGGGC)4,(GGCTCCCG)3,(GGCTGCGG)6,(GGGAGCCC)3,(GGGCAGGC)3,(GGGCAGGT)3,(GGGCCGCG)3,(GGGCGGAG)3,(GGGCGGCG)4,(GGGCTCCC)3,(GGGCTGCG)5,(GGGGCGGC)4,(GGGGCTGC)5,(GGGGGCGC)3,(GGGGGGCC)3,(GGGTGCTC)7,(GGTGCTCG)7,(GGTGGGCA)4,(GTCGCCCC)4,(GTGCTCGG)7,(GTGGGCAG)4,(GTTTTTTT)3,(TATTTTTT)3,(TCGCCCCG)4,(TCGGGTGC)6,(TGCGGGGC)5,(TGCTCGGG)7,(TGGGCAGG)3,(TGTTTTTT)3,(TTATTTTT)3,(TTGTTTTT)3,(TTTATTTT)3,(TTTGTTTT)3,(TTTTGTTT)3,(TTTTTGTT)3,(AAAGAAAGA)3,(AAGAAAGAA)3,(AAGGGCGGC)5,(AGAAAGAAA)3,(AGCGGGGGG)3,(AGGGCGGCA)4,(CAAGGGCGG)5,(CCCCCCGCG)3,(CCCCCGCGC)3,(CCCCCGCGG)3,(CCCCCGGCT)4,(CCCCGCCCG)3,(CCCCGCCGC)3,(CCCCGCGCC)3,(CCCCGCGCC)4,(CCCCGCGGC)3,(CCCCGGCTC)4,(CCCGAGCCG)3,(CCCGCCCGC)3,(CCCGCCGCC)3,(CCCGCGCCC)3,(CCCGCGCCC)4,(CCCGCGGCC)3,(CCCGGCCCG)3,(CCCGGCTCC)4,(CCCTCCCCT)3,(CCCTCCGCG)3,(CCGCCCCCG)3,(CCGCCCGCC)3,(CCGCCGCCC)3,(CCGCCTCAG)3,(CCGCGCCCC)3,(CCGCGCCCC)4,(CCGCGGCCC)3,(CCGCTCCCG)3,(CCGGACGAC)3,(CCGGAGCAG)3,(CCGGCTCCC)4,(CCTCAGCCG)3,(CCTCCCCTC)3,(CCTCCGCGC)3,(CCTCCTCCG)3,(CGCCCCCCG)3,(CGCCCCCGC)3,(CGCCGCCCC)3,(CGCCTCAGC)3,(CGCGCCCCC)3,(CGCGCCCCC)4,(CGCGGCCCC)3,(CGCTCCCGC)3,(CGGACGACC)3,(CGGAGCAGC)3,(CGGCAAGGG)5,(CGGCCCCCG)3,(CGGCGGCTG)3,(CGGCTCCCC)4,(CGGCTGCGG)3,(CGGGAGCCG)3,(CGGGGCCTG)3,(CGGGGCGGG)3,(CTCAGCCGC)3,(CTCCCCCGG)3,(CTCCCCTCC)3,(CTCCCGCCG)3,(CTCCGCGCC)3,(CTCCTCCGC)3,(CTGCGGCGG)3,(GAGCGGGGG)3,(GCAAGGGCG)5,(GCCCCCCGA)3,(GCCCCCCGC)3,(GCCCCCGCC)3,(GCCCCCGCG)3,(GCCGCCCCC)3,(GCCGCCTCA)3,(GCCGGAGCA)3,(GCCTCAGCC)3,(GCCTGCGGG)3,(GCGCCCCCC)3,(GCGGCAAGG)5,(GCGGCCCCC)3,(GCGGCTGCG)3,(GCGGGAGCC)3,(GCGGGGCCT)3,(GCGGGGCGG)3,(GCTCCCCCG)3,(GCTCCCGCC)3,(GCTGCGGCG)3,(GGACGACCC)3,(GGAGCAGCC)3,(GGAGCGGGG)3,(GGCAAGGGC)5,(GGCCCCCGC)3,(GGCCTGCGG)3,(GGCGGCAAG)5,(GGCGGCTGC)3,(GGCGGGGCG)3,(GGCTCCCCC)3,(GGCTGCGGC)3,(GGGAGCGGG)3,(GGGCCTGCG)3,(GGGCGGCAA)5,(GGGGAGCGG)3,(GGGGCCTGC)3,(TCAGCCGCC)3,(TCCCCCGGC)3,(TCCCCTCCC)3,(TCCCGCCGC)3,(TCCGCGCCC)3,(TCCTCCGCC)3,(TGCGGCGGC)3
47,16,(CCGTGTG)4,(CGTGTGC)4,(GCCGTGT)3,(GTGCCGT)4,(GTGTGCC)4,(TGCCGTG)4,(TGTGCCG)4,(AACCACGGT)3,(ACCACGGTA)3,(ACGGTAACC)3,(CACGGTAAC)3,(CCACGGTAA)3,(CGGTAACCA)3,(GGTAACCAC)3,(GTAACCACG)4,(TAACCACGG)4
175,48,(AGGAGGT)3,(CCCCGCG)3,(CCCGCGC)3,(CCGCGCC)4,(CCGGGAG)3,(CGCCCCG)3,(CGCGCCC)4,(CGCGCCT)3,(CGGGAGC)3,(CTGCCTG)3,(GAGCCGG)3,(GCCCCGC)3,(GCCGGGA)3,(GCGCCCC)3,(GGAGCCG)3,(GGGAGCC)3,(GGGTCAG)3,(GGGTGGC)3,(GGTCAGG)3,(GGTGGCG)3,(GTCAGGG)3,(GTCCGCT)3,(GTGGCGG)3,(TGGCGGG)3,(TGTCCGC)3,(TGTTTTT)3,(TTGTTTT)3,(TTTGTTT)3,(TTTTGTT)3,(TTTTTGT)3,(GTTTTTTT)3,(TGTTTTTT)3,(TTGTTTTT)3,(AAAGAAAAG)3,(AAGAAAAGA)3,(AAGAGGAAG)3,(AGAAAAGAA)3,(AGAGGAAGA)3,(AGCCTCGGC)3,(AGGAAGAAG)3,(CCTCGGCAG)3,(CTCGGCAGC)3,(GAAAAGAAA)3,(GAAGAGGAA)3,(GAGGAAGAA)3,(GCCTCGGCA)3,(GGAAGAAGA)3,(TATATATGT)3
305,19,(CCCCGGC)3,(CCCGGCC)3,(CCGGCCC)3,(CCGGGTC)3,(CGGCCCC)3,(CGGGTCC)3,(GGCTTTT)3,(ACCGTCCCG)3,(CCCGACCGT)3,(CCGACCGTC)3,(CCTCTTCCT)3,(CGACCGTCC)3,(CTCCTGGAT)3,(CTCTTCCTC)3,(CTTCCTCCT)3,(GACCGTCCC)3,(TCCTGGATC)3,(TCTTCCTCC)3,(TTCCTCCTC)3
51,13,(CCCCGCG)3,(CCCGCGC)3,(CCGCGCC)3,(CCTTCTC)3,(CGCGCCC)3,(CGGCCCC)3,(CTTCTCC)3,(GCGGGAG)3,(GGCGGGA)3,(GGGCGCG)3,(GGGGCGC)3,(GTTTTTT)3,(TTCTCCC)3
180,35,(ACCAGGC)3,(AGGCACC)4,(CACCAGG)3,(CAGGCAC)4,(CCAGGCA)3,(CCCTGAG)3,(CCTGAGC)3,(CTGAGCC)3,(GAGGAGG)3,(GCACCAG)3,(GGAGGAG)3,(GGCACCA)3,(TGAGCCC)3,(AACTATGT)3,(ACATAGTT)3,(ACTATGTA)3,(AGTTACAT)3,(ATAGTTAC)4,(ATGTAACT)3,(ATGTAACT)4,(CATAGTTA)3,(CTATGTAA)3,(CTATGTAA)4,(GTAACTAT)3,(GTAACTAT)4,(GTTACATA)3,(TAACTATG)3,(TAACTATG)4,(TACATAGT)3,(TAGTTACA)3,(TATGTAAC)3,(TATGTAAC)4,(TGTAACTA)3,(TGTAACTA)4,(TTACATAG)3
182,58,(ACCGGGC)3,(CCCCGCG)3,(CCCGCGC)3,(CCCTCCT)3,(CCCTTCT)3,(CCGCGCC)4,(CCTCCCT)4,(CCTCCTC)3,(CCTCCTT)3,(CCTTCTC)3,(CGCCCCG)4,(CGCCGCC)3,(CGCGCCC)4,(CGCGGGG)3,(CGGGGCG)3,(CTCCCTC)4,(CTCCTCC)3,(CTCCTTC)3,(CTTCTCC)3,(GCCCCGC)4,(GCGAGCG)3,(GCGCCCC)4,(GCGCGGG)3,(GCGGGGC)4,(GCTCTGC)3,(GGCGCGG)3,(GGGCGCG)3,(GGGGCGC)3,(GGTGCTG)3,(GTTTTTT)3,(TCCCTCC)4,(TCCCTTC)3,(TCCTCCC)3,(TCCTTCC)3,(TGTTTTT)3,(TTCTCCC)3,(TTGTTTT)3,(TTTGTTT)3,(TTTTGTT)3,(TTTTTGT)3,(TTTTTTG)3,(CCCCGCGC)3,(CGGCGCGG)3,(CGGCGGGG)3,(CGGGGCGG)3,(GCGGCGCG)3,(GCGGCGGG)3,(GCGGGGCG)4,(GGCGGCGG)3,(GGCGGGGC)3,(GGGACCTC)3,(GGGCGGCG)3,(GGGGCGGC)3,(CCCGCCGCG)3,(CCCGGCCCG)3,(CGGGCGCGG)3,(GCCCGCCGC)3,(GCGGGCGCG)3
56,17,(AAAAAAC)3,(AAAAACA)3,(AAAACAA)3,(AAACAAA)3,(AACAAAA)3,(CAACTGC)3,(CGCTCGC)3,(TTTTTTA)3,(CGCGGGTG)3,(CGGGCGTG)4,(GCGCGGGT)3,(GCGGGCGT)4,(GCGGGTGC)3,(GGCGTGCG)4,(GGGCGTGC)4,(GTGCGGGC)3,(TGCGGGCG)3
185,30,(AGAGGAG)3,(AGCAGCG)3,(AGGAGAG)3,(CCTTTTT)3,(CTCTCCT)3,(GAGAGGA)3,(GAGCAGC)3,(GAGGAGA)3,(GCAGCGG)3,(GCGGCGG)3,(GGCGGCG)3,(TCCTTTT)3,(TCTCCTC)3,(TTCCTTT)3,(TTCTTTT)3,(TTTCCTT)3,(TTTCTTT)3,(TTTGTTT)3,(TTTTCCT)3,(TTTTTCC)3,(CCTTTCTG)3,(CTGCCTTT)3,(CTTTCTGC)3,(GCCTTTCT)4,(GGGGCGCG)3,(TCTGCCTT)3,(TGCCTTTC)3,(TTCTGCCT)3,(TTTCTGCC)3,(GGTGCAGGC)3
186,46,(AGCCCGC)3,(CAGCCCG)3,(CAGCCCG)4,(CCCCGCG)3,(CCCGCAG)3,(CCCGCAG)4,(CCCGCGC)3,(CCGCAGC)3,(CCGCAGC)4,(CCGCGCC)3,(CGCAGCC)3,(CGCAGCC)4,(CGCCCCG)3,(CGCGCCC)3,(CGGGAGC)3,(GCAGCCC)3,(GCAGCCC)4,(GCCCGCA)3,(GCGCCCC)3,(GCGGCGG)3,(GCGGGCG)3,(GGAGCCG)3,(GGCGGCG)3,(GGGAGCC)3,(ACTGGCTC)3,(CACTGGCT)4,(CTCACTGG)4,(CTGGCTCA)3,(GCCCCTCG)3,(GCTCACTG)4,(GGCTCACT)4,(TCACTGGC)4,(TGGCTCAC)3,(ACCGCCACC)3,(CACCGCCAC)3,(CCACCGCCA)3,(CGGAGCCCC)3,(CGGGGCAGG)3,(GAGCCCCCG)3,(GCGGGGCAG)3,(GGAGCCCCC)3,(GGCAGGCGG)3,(GGCGGGGCA)3,(GGGCAGGCG)3,(GGGGCAGGC)3,(TATTTTGGG)3
59,75,(AATTCCG)4,(ATTCCGA)3,(CCCCACC)3,(CCCCGCG)8,(CCCGCGC)3,(CCCGCGC)8,(CCCGGTG)3,(CCGAATT)3,(CCGCGCC)3,(CCGCGCC)7,(CCGGTGC)3,(CCTGACC)3,(CGAATTC)4,(CGCCCCG)3,(CGCCCCG)7,(CGCGCCC)7,(CGCGGGG)4,(CGGCGGG)3,(CGGCGGG)5,(CGGGCGG)3,(CGGGCTG)4,(CGGGGCG)4,(CGGTGCC)3,(CTGACCC)3,(CTGCGGG)3,(CTGCGGG)4,(GAATTCC)4,(GAGGCCT)3,(GCCCCGC)3,(GCCCCGC)8,(GCCCGGT)3,(GCGCCCC)3,(GCGCCCC)7,(GCGCGGG)4,(GCGGCGG)3,(GCGGCGG)4,(GCGGGCG)3,(GCGGGCT)4,(GCGGGGC)4,(GCTGCGG)3,(GCTGCGG)4,(GGCGCGG)4,(GGCGGCG)3,(GGCGGCG)4,(GGCTGCG)3,(GGCTGCG)5,(GGGCGCG)4,(GGGCGGC)3,(GGGCGGC)4,(GGGCGGG)3,(GGGCTGC)3,(GGGCTGC)4,(GGGGCGC)4,(GGGGCGG)3,(GGTGCCC)3,(GTGCCCG)3,(TCCGAAT)3,(TGACCCC)3,(TGCCCGG)3,(TGCGGGC)3,(TGCGGGC)4,(TTCCGAA)3,(CCCCGCCG)4,(CCCGCCGC)4,(CCGCCCCG)3,(CCGCCGCC)4,(CCGGGGCG)3,(CGCCCCGC)3,(CGCCGCCC)4,(CGGGGCGC)3,(GCCCCGCC)4,(GCCGCCCC)4,(GCCGGGGC)3,(GCTGCCGGG)3,(GGGCCGAGC)3
61,63,(AGGTGGG)3,(CCGGTGC)3,(CGCCGCC)3,(CTCTTTT)5,(CTCTTTT)7,(CTTTTCT)5,(CTTTTCT)7,(GAGGCGG)3,(GAGGTGG)3,(GCGCGGG)3,(GGAGGCG)3,(GGAGGTG)3,(GGCGCGG)3,(GGCGGCG)3,(GGCGGGG)3,(TCTCTTT)5,(TCTCTTT)7,(TCTTTTC)5,(TCTTTTC)7,(TTCTCTT)6,(TTCTCTT)7,(TTTCTCT)6,(TTTCTCT)7,(TTTTCTC)5,(TTTTCTC)7,(AGGCAGGG)3,(AGGGAGGC)4,(CACGCGCC)3,(CAGGGAGG)3,(CCACGCGC)3,(CCCACGCG)3,(CCCTCCAT)3,(CCTCCATC)3,(CTCCATCC)3,(CTTTTTTT)3,(GAGGCAGG)3,(GCAGGGAG)3,(GCCTCCCT)3,(GGAGGCAG)3,(GGCAGGGA)3,(GGGAGGCA)4,(GTGTGTGC)3,(TCCATCCC)3,(TCCCTCCA)3,(TCTTTTTT)3,(TTCTTTTT)3,(AGAGGGAGG)3,(AGGGAGGAG)3,(CCCCGGGCT)3,(CCCGGGCTC)3,(CCGGGCTCC)3,(CGGGCTCCC)3,(CTCCCCGGG)3,(GAGAGGGAG)3,(GAGGGAGGA)3,(GCTCCCCGG)3,(GGAGAGGGA)3,(GGCTCCCCG)3,(GGGCTCCCC)3,(TCCCCGGGC)3,(TTTTTCTTT)3,(TTTTTTCTT)3,(TTTTTTTCT)3
190,146,(ACACACC)3,(ACACCAC)3,(ACCACAC)3,(ACCAGCC)3,(ACTTTAG)3,(AGACTTT)3,(AGCCACC)3,(AGGAGCT)3,(ATTTTTT)3,(CACACAC)4,(CACACCA)3,(CACCACA)3,(CAGCAGG)3,(CAGCCAC)3,(CCACACA)3,(CCACCAG)3,(CCAGCCA)3,(CCTCTCT)3,(CTAGGAG)3,(CTCCTCT)3,(CTCTCCT)3,(CTCTCTC)3,(CTTTAGA)3,(GACTTTA)3,(GAGAGAG)3,(GAGCTAG)3,(GCCACCA)3,(GGAGCTA)3,(GGGGTGG)3,(GGGTGGG)3,(GGTGGGG)3,(GTGTCTG)3,(TAGACTT)3,(TAGGAGC)3,(TATTTTT)3,(TCCTCTC)3,(TCTCCTC)3,(TCTCTCC)3,(TTAGACT)3,(TTATTTT)3,(TTTAGAC)3,(TTTATTT)3,(AACATACC)3,(AACATTTT)3,(ACATACCA)3,(ACTCAGAC)3,(AGAGAGGG)4,(AGAGGGAG)4,(AGGGAGAG)4,(AGTCAGCC)3,(AGTCATTC)3,(ATACCAAC)3,(ATGGATTG)3,(ATTGATGG)3,(CAGTCATT)3,(CATACCAA)3,(CCCTGTCT)5,(CCTGTCTC)4,(CTCAGACA)3,(CTCCATCT)3,(CTCCCTGT)5,(CTCTATTT)3,(CTCTCCCT)3,(CTCTCTCC)3,(CTGTCTCC)4,(CTGTCTCT)3,(CTTCTCTT)3,(GAGAGAGG)3,(GAGAGGGA)4,(GAGGGAGA)4,(GATGGATT)3,(GGAGAGAG)4,(GGGAGAGA)4,(GTCAGCCA)3,(GTCATTCA)3,(GTCTCCCT)4,(TAACCAAT)3,(TATTGATG)3,(TCAGTCAT)3,(TCCATCTC)3,(TCCCTGTC)5,(TCCTCTCC)3,(TCTATTTC)3,(TCTCCATC)3,(TCTCCCTC)3,(TCTCCCTG)5,(TCTCTATT)3,(TCTCTCCC)3,(TCTCTTCT)3,(TCTGTCTC)3,(TCTTCTCT)3,(TGATGGAT)3,(TGTCTCCC)4,(TTCTCTTC)3,(TTGATGGA)3,(AAAAGACAG)5,(AAAGACAGA)5,(AACAGACAG)3,(AACAGAGAG)3,(AAGACAGAA)5,(ACACACACC)4,(ACACACCAC)3,(ACACCACAC)3,(ACAGAAAAG)5,(ACAGAACAG)3,(ACAGACAGA)3,(ACAGAGAGA)3,(ACCACACAC)3,(AGAAAAGAC)5,(AGAACAGAC)3,(AGAACAGAG)3,(AGACAGAAA)5,(AGACAGAAC)3,(AGAGAACAG)3,(AGAGAAGAG)3,(AGAGAGAAC)3,(AGGACCCCC)3,(CACACACAC)4,(CACACACCA)3,(CACACCACA)3,(CACCACACA)3,(CAGAAAAGA)5,(CAGAACAGA)3,(CAGACAGAA)3,(CAGAGAGAA)3,(CCACACACA)3,(CTCTCTCTC)3,(CTCTGCTGT)3,(CTGCTGTCT)3,(CTGTCTCTG)3,(GAAAAGACA)5,(GAACAAGAA)3,(GAACAGACA)3,(GAACAGAGA)3,(GACAGAAAA)5,(GACAGAACA)3,(GAGAACAGA)3,(GAGAAGAGA)3,(GAGAGAACA)3,(GCTGTCTCT)3,(GTCTCTGCT)3,(GTTATTATT)3,(TCTCTGCTG)3,(TCTGCTGTC)3,(TGCTGTCTC)3,(TGTCTCTGC)3
191,74,(ACCCTCG)3,(AGGTGGG)3,(CAGCGGT)3,(CCCCGCC)3,(CCCGCCC)3,(CCCTCGA)3,(CCGCACC)3,(CCGCCCC)3,(CCTCGAC)3,(CGACCCT)3,(CGCACCC)3,(CGCCCCC)3,(CGGCGGC)3,(CGGGCCG)3,(CTCGACC)3,(CTTTTTT)3,(GACCCTC)3,(GAGGTGG)3,(GCCGCGG)3,(GCGGGCC)3,(GGAGGTG)3,(GGCCGCG)3,(GGGCCGC)3,(GTTTTTT)3,(TCGACCC)3,(TCTTTTT)3,(TTCTTTT)3,(TTTCTTT)3,(AGCCTGGG)3,(AGGGGGCG)4,(CCCGCCAG)3,(CCGCCAGC)3,(CCTGGGAG)3,(CGAGGGGG)3,(CGCCAGCC)3,(CGTGTGTG)3,(CTGGGAGC)3,(CTGTGTGT)3,(GAGGGGGC)4,(GCCCGCCA)3,(GCCTGGGA)3,(GCGAGGGG)3,(GCGTGTGT)3,(GGCGAGGG)3,(GGGCGAGG)3,(GGGGCGAG)3,(GGGGGCGA)3,(GTCCCCGA)3,(GTGCGTGT)3,(GTGTGCGT)3,(TCTGTGTG)3,(TGCGTGTG)3,(TGTGCGTG)3,(TGTGTGCG)3,(AGGAGCCGC)3,(CAGGAGCCG)3,(CCCCGCCGC)3,(CCCGCCGCC)3,(CCGCCGCCC)3,(CCGCCGCTG)3,(CCGCTGCCG)3,(CGCCGCCCC)3,(CGCCGCTGC)3,(CGCTGCCGC)3,(CGGCGGGAG)3,(CGGCGGTGG)3,(CTGCCGCCG)4,(GCAGGAGCC)3,(GCCGCCGCT)3,(GCCGCTGCC)3,(GCGGCGGGA)3,(GCTGCCGCC)4,(GGCGGGAGC)3,(TGCCGCCGC)3
193,73,(AACCGAG)3,(AGAACCG)3,(AGCATCG)3,(AGCGGGC)3,(ATCTATC)3,(CACCCCC)3,(CAGCGGG)3,(CCCCTGC)3,(CCCCTGT)4,(CCCGCTG)8,(CCCTGCC)3,(CCCTGCG)3,(CCCTGCT)3,(CCCTGCT)4,(CCCTGTC)4,(CCGCTGC)8,(CCTGCCC)3,(CCTGCGC)3,(CCTGCTC)3,(CCTGCTC)4,(CCTGGGG)3,(CCTGTCC)4,(CGCCCTG)3,(CGCTGCC)8,(CGGGAGG)3,(CTATCAT)3,(CTCCCTG)3,(CTGCCCC)3,(CTGCCCG)8,(CTGCGCC)3,(CTGCTCC)3,(CTGCTCC)4,(CTGTCCC)4,(GAACCGA)3,(GAGCATC)3,(GAGGCGG)3,(GCAGCGG)3,(GCCCGCT)8,(GCCCTCT)3,(GCCCTGC)3,(GCCTGGG)3,(GCTCCCT)3,(GCTGCCC)8,(GGAGGCG)3,(GGCAGCG)3,(GGCCTGG)3,(GGCGGGG)3,(GGGAGGC)3,(GGGCCTG)3,(GGGCGGG)3,(GGGGCCT)3,(GGGGCGG)3,(GGGGGCG)3,(GGGGGGC)3,(GTCCCCT)4,(TCCCCTG)4,(TCCCTGC)3,(TCTATCA)3,(TGCCCGC)8,(TGCTCCC)3,(TGTCCCC)3,(AGGGGTGG)3,(CCGCTGGG)3,(GAGGGGTG)3,(GCCGCTGG)3,(GGAGGGGT)3,(GGGGTGGA)3,(GGGTGGAG)3,(GGTGATGGT)3,(GGTGGTGAT)3,(GTGATGGTG)3,(GTGGTGATG)3,(TGGTGATGG)3
195,21,(ACCTGCC)3,(CACCTGC)3,(CCACCTG)3,(CCAGCAC)3,(CCCAGCA)3,(CCTGCCA)3,(CGGGCTG)3,(CGTGGGT)3,(GCCACCT)3,(GCCGGCA)3,(GCGGGCT)3,(GGCTGCG)3,(GGGCTGC)3,(GGGTCGT)3,(GGTCGTG)3,(GTCGTGG)3,(GTGGGTC)3,(TCCCGGC)3,(TCGTGGG)3,(TGCGGGC)3,(TGGGTCG)3
196,23,(ATTTTTT)3,(CCCTGCT)3,(GTTTTTT)3,(TATTTTT)3,(TGTTTTT)3,(TTATTTT)3,(TTTATTT)3,(TTTTTTA)3,(CAGCCCAC)3,(CCAGCCCA)3,(ATCGTCCCC)3,(CATCGTCCC)3,(CCATCGTCC)3,(CCCATCGTC)3,(CCCCATCGT)3,(CGTCCCCAT)3,(CTTTTTTTT)3,(GGGTTTCCA)3,(TCGTCCCCA)3,(TCTTTTTTT)3,(TTCTTTTTT)3,(TTTCTTTTT)3,(TTTTCTTTT)3
70,63,(CAGCCCG)3,(CCGCGCC)3,(CCTTCCT)3,(CGCAGCC)3,(CGCGCCC)3,(CGGCGGG)3,(CGGCGGG)4,(CGGGCGG)3,(CGGGCGG)4,(CTGCGTG)3,(GCAGCCC)3,(GCGGCGG)3,(GCGGCGG)4,(GCGGGCG)3,(GCGGGCG)4,(GGCGGCG)3,(GGCGGCG)4,(GGCGGGC)3,(GGCGGGC)4,(GGGCGGC)4,(TCCTTCC)3,(TCCTTTT)3,(TGCGTGC)3,(CCCGCCGT)3,(CCGCCGTC)3,(CCGTCCCG)3,(CGCCGTCC)4,(CGCCTGCC)3,(CGTCCCGC)3,(GCCGTCCC)4,(GTCCCGCC)3,(TCCCGCCG)3,(AGCAGCGGC)3,(AGCCCCGGC)3,(AGCGGCAGC)3,(AGGCGGAGG)3,(CAGCAGCGG)3,(CAGCCCCGG)3,(CAGCGGCAG)3,(CCGGCAGCC)3,(CGGAGGAGG)3,(CGGCAGCAG)3,(CGGCAGCCC)3,(CGGCGGTGG)3,(CGGTGGCGG)3,(GAGGCGGAG)3,(GCAGCAGCG)3,(GCAGCCCCG)3,(GCAGCGGCA)3,(GCCGGAGCC)3,(GCGGAGGAG)3,(GCGGCAGCA)3,(GCGGCGGTG)3,(GCGGTGGCG)3,(GGAGGCGGA)3,(GGCAGCAGC)3,(GGCAGCCCC)3,(GGCGGAGGA)3,(GGCGGCGGT)3,(GGCGGTGGC)3,(GGTGGCGGC)3,(GTGGCGGCG)3,(TGGCGGCGG)3
71,51,(AAAGGGC)3,(AAGGGCA)3,(AGGGCAA)3,(CAAAGGG)3,(CCGCCGC)3,(CGGGCCG)3,(CTTTTTT)3,(GCAAAGG)4,(GCCCCGC)3,(GCCCGCG)3,(GCGGGCC)3,(GGCAAAG)4,(GGCCGCG)3,(GGGCAAA)4,(GGGCCGC)3,(GTTTTTT)3,(TGTTTTT)3,(TTGTTTT)3,(TTTGTTT)3,(ACTGGCTG)4,(AGGCGCTG)3,(CCCTCTCT)3,(CCTCTCTC)3,(CGCTGAGG)3,(CGGCGGGG)3,(CTCCCTCT)3,(CTCTCCCT)3,(CTCTCTCC)3,(CTGACTGG)3,(CTGAGGCG)3,(CTGGCTGA)4,(GACTGGCT)4,(GCGCTGAG)3,(GCGGAGGG)3,(GCGGCGGG)3,(GCTGACTG)3,(GCTGAGGC)3,(GGCGCTGA)3,(GGCGGAGG)3,(GGCGGCGG)3,(GGCGGGGC)3,(GGCTGACT)3,(GGGCGGAG)3,(GGGGCGGA)3,(TCCCTCTC)3,(TCTCCCTC)3,(TCTCTCCC)3,(TGACTGGC)3,(TGAGGCGC)3,(TGGCTGAC)4,(CCTCCTCCC)3
200,33,(AGGCGGG)3,(AGGGCAG)3,(AGGTCTC)3,(CAGGTCT)3,(CCCTCCT)3,(CCGCCAC)3,(CCGCTTG)3,(CCTCCCT)4,(CCTCCTC)3,(CGCCACC)3,(CGCTTGC)3,(CGGGAGG)3,(CTCCCTC)3,(CTCCTCC)3,(CTTGCCG)3,(GAGGCGG)3,(GCCGCTT)3,(GCGGGAG)3,(GCTTGCC)3,(GGAGGCG)3,(GGGAGGC)3,(TCCCTCC)3,(TCCTCCC)3,(TGCCGCT)3,(TTGCCGC)3,(CGGGCTGG)4,(CTGGCGGG)5,(GCGGGCTG)4,(GCTGGCGG)5,(GGCGGGCT)4,(GGCTGGCG)5,(GGGCTGGC)4,(TGGCGGGC)5
201,79,(ACCGGAA)3,(ATTCAGA)3,(CAGGCGG)4,(CCCCCTG)4,(CCCCGCG)3,(CCCCTGC)4,(CCCGGCT)3,(CCCTGCC)4,(CCGCCGC)3,(CCGCCGC)4,(CCGGCTC)3,(CGCCGCC)3,(CGCCGCC)4,(CGGCAGG)3,(CGGCTCC)3,(CGGGCGG)3,(CTGCCCC)3,(GCAGGCG)4,(GCCCCCT)4,(GCCCCGC)3,(GCCCCGG)3,(GCCGCCC)4,(GCGCTGG)3,(GCGGCAG)3,(GCGGCGG)3,(GCGGGCG)3,(GCTGGGG)3,(GGCAGGC)4,(GGCCCCG)3,(GGCGGCA)3,(GGCGGCG)3,(GGCGGGG)3,(GGCTGGG)3,(GGGCGGC)3,(GGGCTGG)3,(GGGGCTG)3,(GGTGGGG)3,(GTGGGGG)3,(GTTTTTT)3,(TCAGAAT)3,(TGCCCCC)3,(TGGGGGG)3,(TGTTTTT)3,(TTCAGAA)3,(TTGTTTT)3,(TTTGTTT)3,(TTTTGTT)3,(TTTTTGT)3,(TTTTTTG)3,(ATTTTTTT)3,(CAGCCGGG)3,(CCGGGCAG)3,(CGGGCAGC)3,(GCAGCCGG)3,(GCCGGGCA)3,(GGCAGCCG)3,(GGGCAGCC)3,(TTTTTTTA)3,(AGCGGCCGG)3,(CCCCCGTCG)3,(CCGGAGCGG)3,(CGCCCCCGT)3,(CGGCCGGAG)3,(CGGTGGTGG)3,(GAGCGGCCG)3,(GCCCCCGTC)3,(GCCGGAGCG)3,(GCGGCCGGA)3,(GCGGTGGTG)3,(GGAGCGGCC)3,(GGCCGGAGC)3,(GGCGGTGGT)3,(GGTGGCGGT)3,(GGTGGTGGC)3,(GTGGCGGTG)3,(GTGGTGGCG)3,(TGGCGGCGG)3,(TGGCGGTGG)3,(TGGTGGCGG)4
202,34,(AAAAAAC)3,(AAACTCC)3,(CAAACTC)3,(CCAAACT)3,(CGGCGGG)4,(CTCCAAA)3,(CTGCCCG)3,(GAGGCGG)3,(GCGCAGG)3,(GGAGGCG)3,(GGCGCAG)3,(GGCGGCG)3,(GGCGGGC)3,(GGGCGCA)3,(TCCAAAC)3,(TGCCCGC)3,(ACTCACAC)3,(AGCCCGGC)3,(CACTCACA)3,(CAGCCCGG)3,(CCCGGCAG)3,(CCGGCAGC)3,(CGCGCAGC)3,(CGGCAGCC)3,(CGGCGGCG)3,(CTGGGGGG)3,(GCAGCCCG)3,(GCTGGGGG)3,(GGCAGCCC)3,(GGCTGGGG)3,(GGGCTGGG)3,(GGGGGCTG)3,(GGGGGGCT)3,(TGGGGGGC)3
75,3,(TGTTGTT)3,(TTGTTGT)3,(TCTTTTTT)3
77,64,(AGTTTTT)3,(ATTTTTT)3,(CGGCGGG)3,(CGGGCGG)3,(GAGAAGG)3,(GCGGGCG)3,(GGAGAAG)3,(GGCGGGC)3,(GGGAGAA)3,(GGGTCCC)3,(GTTTTTA)3,(TAGTTTT)4,(TATTTTT)3,(TTAGTTT)4,(TTATTTT)3,(TTTAGTT)4,(TTTATTT)3,(TTTTAGT)4,(TTTTATT)3,(TTTTTAG)3,(TTTTTAT)3,(CCCTCCGT)4,(CCGTCCCT)3,(CCTCCGTC)4,(CGTCCCTC)3,(CTCCGTCC)4,(CTCTTTGT)4,(CTTTGTCT)4,(GTCCCTCC)3,(GTCTCTTT)4,(TCCCTCCG)4,(TCCGTCCC)4,(TCTCTTTG)4,(TCTTTGTC)4,(TGTCTCTT)4,(TTGTCTCT)3,(TTTGTCTC)4,(AGAAGGAGG)3,(AGCGGATCG)3,(AGGAGAAGG)3,(AGGAGGAGA)3,(ATCGAGCGG)3,(CCGCAGCCG)3,(CCGCCGCAG)3,(CCGCGGCGT)3,(CGAGCGGAT)3,(CGCAGCCGC)3,(CGCCGCAGC)3,(CGCGGCGTC)3,(CGGATCGAG)3,(GAAGGAGGA)3,(GAGAAGGAG)3,(GAGCGGATC)3,(GAGGAGAAG)3,(GATCGAGCG)3,(GCAGCCGCC)3,(GCCGCAGCC)3,(GCCGCCGCA)3,(GCGGATCGA)3,(GCGGCGTCC)3,(GGAGAAGGA)3,(GGAGGAGAA)3,(GGATCGAGC)3,(TCGAGCGGA)3
205,108,(AAGGAGC)3,(AATAATA)3,(ACTGAAA)3,(AGCCGGG)4,(AGCGGCG)3,(AGGAGCA)3,(AGGCGGG)3,(AGGTCTC)3,(ATAATAA)3,(CACCCCC)3,(CCACCCC)3,(CCCGCCG)3,(CCCGGTC)3,(CCGCCGC)3,(CCGGGAG)3,(CCGGGGG)3,(CCGGTCC)3,(CCGGTGC)3,(CCTCTCT)3,(CGAGCGG)3,(CGCCCGC)3,(CGCCGCC)3,(CGGAAGC)3,(CGGCGAG)3,(CGGGAGC)3,(CGGGCTT)8,(CGGGGGC)3,(CGGTCCC)3,(CGGTGCC)3,(CTCCTCT)3,(CTCTCCT)3,(CTCTCTC)3,(CTCTCTC)4,(CTGAAAA)3,(CTGCGGG)3,(CTTCGGG)8,(GAACTTT)3,(GAGCCGG)4,(GAGCGGC)3,(GAGGCCC)3,(GAGGCGG)3,(GAGGCTG)3,(GCCCGCC)3,(GCCGCCC)3,(GCCGGGA)3,(GCCGGGG)3,(GCGAGCG)3,(GCGGCGA)3,(GCTGCGG)3,(GCTTCGG)8,(GGAGCAA)3,(GGAGCCG)3,(GGAGGCG)3,(GGAGGCT)3,(GGCGAGC)3,(GGCTGCG)3,(GGCTTCG)9,(GGGAGCC)3,(GGGAGGC)3,(GGGCTGC)3,(GGGCTTC)9,(GGGGGCC)3,(GGTCTCA)3,(GGTGCCC)3,(GTCTCAG)3,(GTTTTGT)3,(TCCCCCT)3,(TCCTCTC)3,(TCGGGCT)8,(TCTCAGG)3,(TCTCCTC)3,(TCTCTCC)3,(TCTCTCT)3,(TGAACTT)3,(TGCGGGC)3,(TGGAGGC)3,(TTCGGGC)8,(AGCCCCGC)3,(ATAGATAT)3,(ATATAGAT)3,(CAGCCCCG)3,(CCCCGCAG)3,(CCCTCTCT)4,(CCGCAGCC)3,(CCTCTCTC)4,(CGCAGCCC)3,(CTCCCTCT)4,(CTCTCCCT)4,(CTCTCTCC)4,(GCAGCCCC)3,(GCCCCGCA)3,(GTCTCCCT)3,(TAGATATA)3,(TATAGATA)3,(TCCCTCTC)4,(TCTCCCTC)4,(TCTCTCCC)4,(AGGAGGCGG)3,(AGGCGGAGG)3,(CCGCCGTCG)3,(CGCCGTCGC)3,(CGGAGGAGG)4,(GAGGAGGCG)3,(GAGGCGGAG)3,(GCGGAGGAG)4,(GGAGGAGGC)3,(GGAGGCGGA)3,(GGCGGAGGA)4
207,86,(AAAAAAC)3,(AAAAACA)3,(AATGCTG)3,(AGCGGGC)3,(ATTTCGG)3,(CACCCCC)3,(CAGCACC)3,(CAGCGGG)3,(CCACCCC)3,(CCAGCAC)3,(CCCACCC)3,(CCCCACC)3,(CCCCGCG)3,(CCCCGCG)4,(CCCGCCG)3,(CCCGCGC)3,(CCCGCGC)5,(CCGCCGC)3,(CCGCGCC)3,(CCGCGCC)5,(CCGGGGG)3,(CCTGCGT)3,(CGCAGCC)3,(CGCCCCG)4,(CGCCGCC)3,(CGCGCCC)3,(CGCGCCC)4,(CGCTCTG)3,(CGGAGGG)3,(CGGCGGG)3,(CGGGCAG)4,(CGGGGGC)3,(CGTCCTG)4,(CTGCGTC)3,(CTTTTTT)4,(GAATGCT)3,(GAGGGCG)3,(GATTTCG)3,(GCAGCGG)4,(GCCCCGC)3,(GCCCCGC)4,(GCCCGCC)3,(GCCGGGG)3,(GCGCCCC)4,(GCGCCGC)3,(GCGCTCT)3,(GCGGAGG)3,(GCGGCGG)3,(GCGGGCA)3,(GCGGGCG)3,(GCGTCCT)4,(GGAGGGC)3,(GGATTTC)3,(GGCAGCG)4,(GGCCGGG)3,(GGCGGAG)3,(GGCGGCG)3,(GGCGGGC)3,(GGGCAGC)4,(GGGCCGG)3,(GGGCGGA)3,(GTCCTGC)4,(GTTTTTT)3,(TAAAAAA)3,(TCCTGCG)3,(TCTTTTT)4,(TGAATGC)3,(TGCGTCC)3,(TGTTTTT)3,(TTCTTTT)3,(TTGTTTT)3,(TTTCTTT)3,(TTTGTTT)3,(TTTTCTT)3,(TTTTGTT)3,(TTTTTCT)3,(TTTTTGT)3,(TTTTTTC)3,(CGGGCAGG)3,(GAACGCGG)3,(GCAGGCGG)3,(GCTGGAGG)3,(GGAACGCG)3,(GGCAGGCG)3,(GGGCAGGC)3,(CCCCGCCGC)3
89,0
91,41,(AAATACT)3,(AATACTA)3,(ACTAAAT)3,(ATACTAA)3,(ATCCCAC)3,(CACATCC)3,(CATCCCA)3,(CCACATC)3,(CCCACAT)3,(CCCCGTT)6,(CCCGTTC)7,(CCGTTCC)7,(CGTTCCC)7,(CTAAATA)3,(GTTCCCC)6,(TAAATAC)3,(TACTAAA)3,(TCCCACA)3,(TCCCCGT)6,(TTCCCCG)6,(AAGGCCCC)5,(AGGCCCCA)4,(ATAACGGG)3,(CAAGGCCC)4,(CCAAGGCC)4,(CCCAAGGC)4,(CCCCAAGG)4,(CGGGATAA)3,(GATAACGG)3,(GCCCCAAG)4,(GGATAACG)3,(GGCCCCAA)4,(GGGATAAC)3,(AGCAGCACC)3,(CAGCACCAG)3,(CAGCAGCAC)3,(CCTTCCCTT)3,(CTTCCCTTC)3,(GCAGCACCA)3,(TCCTTCCCT)3,(TTCCTTCCC)3
94,63,(AGCCCCG)4,(CCCCGAG)3,(CCCCGCG)3,(CCCGAGC)4,(CCCGCCT)3,(CCCGCGC)3,(CCCGGCT)3,(CCGAGCC)4,(CCGCCTC)3,(CCGCGCC)3,(CCGGCTC)3,(CGAGCCC)4,(CGCCCCG)3,(CGCCTCC)3,(CGCGCCC)3,(CGCGGGG)3,(CGGCTCC)3,(CGGGGCG)3,(CGGGGGG)3,(CTCCCGG)4,(GAGCCCC)4,(GCCCCGA)3,(GCCCCGC)3,(GCGCCCC)3,(GCGGGGC)3,(GCGGGGG)3,(GCTCCCG)4,(GGAGCCC)4,(GGAGGGA)3,(GGCGGCG)3,(GGCGGGG)3,(GGCTCCC)3,(GGGCGGC)3,(GGGCGGG)3,(TCCCGGC)4,(AGGTCATG)3,(CGGGGCTG)3,(CTGCGGGG)3,(GCGGAGGG)3,(GCGGGGCT)3,(GCTGCGGG)3,(GGCGGAGG)3,(GGCTGCGG)3,(GGGCGGAG)3,(GGGCTGCG)3,(GGGGCGGA)3,(GGGGCTGC)3,(GGTCATGA)3,(GTCATGAG)3,(TCATGAGG)3,(TGCGGGGC)3,(CCACAGCAG)3,(CGGCGGTGG)4,(CGGTGGCGG)4,(GCGGCGGTG)3,(GCGGGCTCA)3,(GCGGTGGCG)4,(GGCGGCCTG)3,(GGCGGCGGT)3,(GGCGGTGGC)4,(GGTGGCGGC)4,(GTGGCGGCG)4,(TGGCGGCGG)4
222,91,(ACTGGTC)4,(AGTGACC)3,(CACTGGT)4,(CAGTGAC)3,(CCAGTGA)3,(CCCCCGG)4,(CCCCGCG)3,(CCCGGCT)3,(CCGGCCC)5,(CCGGCTC)3,(CGCGCCC)3,(CGGCCCC)4,(CGGCTCC)4,(CGGGCGG)3,(CTCCCGG)4,(CTGGTCA)4,(CTTTTGT)3,(CTTTTTT)3,(GCCCCCG)4,(GCGGGCG)3,(GCTCCCG)4,(GGAGCCG)3,(GGCCCCC)4,(GGCGGGG)3,(GGCTCCC)4,(GGGCGGG)3,(GGGGCGG)3,(GGGGGCG)3,(GGTCACT)5,(GGTGGGC)3,(GGTTTTT)3,(GTCACTG)4,(GTCTTTT)4,(GTGGGCG)3,(GTTTTTG)3,(GTTTTTT)3,(TCACTGG)4,(TCCCGGC)3,(TCTTTTG)3,(TCTTTTT)3,(TGGTCAC)4,(TGGTTTT)3,(TGTCTTT)4,(TGTTTTT)3,(TTCTTTT)3,(TTGGTTT)3,(TTGTCTT)4,(TTTCTTT)3,(TTTGGTT)3,(TTTGTCT)4,(TTTTCTT)3,(TTTTGGT)3,(TTTTGTC)4,(TTTTTCT)3,(TTTTTGG)3,(TTTTTTC)3,(CCAGCCTC)3,(CCCAGCCT)3,(CCCCCTTC)3,(CCCCTTCC)3,(CCCGGCCG)3,(CCCTTCCC)3,(CCGCCCCG)3,(CCGGCCGC)3,(CCTCCCAG)3,(CGCCCCGC)3,(CGGCCGCC)3,(CGGCGGGG)6,(CGGGGCGG)7,(CTCCCAGC)3,(CTCTGTCT)3,(CTGTCTCT)3,(GCCCCGCC)3,(GCGGCGGG)6,(GCGGGGCG)6,(GGCCGCCC)3,(GGCGGCGG)6,(GGCGGGGC)6,(GGGCGGCG)7,(GGGGCGGC)7,(TCCCAGCC)3,(TCTCTGTC)3,(TCTGTCTC)3,(CGGCGGCGT)3,(CGGCGTCGG)3,(CGTCGGCGG)3,(GCGGCGTCG)3,(GCGTCGGCG)3,(GGCGGCGTC)3,(GGCGTCGGC)3,(GTCGGCGGC)3
95,82,(AACAGCT)3,(AATACCT)3,(ACAGCTA)3,(ACCCCTG)3,(ACCTCTG)3,(ATACCTA)3,(CCCCTGA)3,(CCCCTTC)3,(CCCTCCT)3,(CCCTGAC)3,(CCCTTCC)3,(CCTCCCT)3,(CCTCCTC)4,(CCTCTGA)3,(CCTTCCC)3,(CTAACAG)3,(CTCCCTC)3,(CTCCTCC)4,(GACCCCT)3,(GCTAACA)3,(TAACAGC)3,(TCCCTCC)3,(TCCTCCC)3,(TGACCCC)3,(AGAGAGCG)3,(AGAGCGAG)3,(AGCGAGAG)3,(AGGGAGAG)3,(CCCTCCTC)3,(CCTCCTCC)3,(CCTCTCCT)3,(CGAGAGAG)3,(CGTGTGTG)3,(CTCCTCCC)3,(CTCCTCTC)3,(CTCTCCCT)3,(CTCTCCTC)3,(CTCTCTCC)3,(CTCTCTGT)3,(CTCTCTGT)4,(CTCTGTCT)3,(CTCTGTCT)4,(CTGTCTCT)3,(CTGTCTCT)4,(GAGAGAGC)3,(GAGAGCGA)3,(GAGCGAGA)3,(GAGGGAGA)3,(GCGAGAGA)3,(GCGTGTGT)3,(GGAGAGAG)3,(GGGAGAGA)3,(GTCTCTCT)3,(GTGCGTGT)3,(GTGTGCGT)3,(TCCTCTCC)3,(TCTCCTCC)3,(TCTCTCCC)3,(TCTCTCTG)3,(TCTCTCTG)4,(TCTCTGTC)3,(TCTCTGTC)4,(TCTGTCTC)3,(TCTGTCTC)4,(TGCGTGTG)3,(TGTCTCTC)3,(TGTGCGTG)3,(TGTGTGCG)3,(AGAAGGAGA)3,(AGGTGTCCC)3,(AGTGCTCCC)3,(CAGGTGTCC)3,(CAGTGCTCC)3,(CCAGTGCTC)3,(CCCAGTGCT)3,(CTCCCAGTG)4,(CTCTCCTCT)3,(GCTCCCAGT)4,(GTGCTCCCA)4,(TCCCAGTGC)4,(TCTCCTCTC)3,(TGCTCCCAG)4
96,119,(ACCTTTG)3,(AGCCAGG)4,(AGGAGCC)5,(AGGCGGG)3,(AGGGCGG)3,(AGGGCGG)4,(CAGGAGC)5,(CCAGGAG)4,(CCCGCCG)3,(CCCGCGC)3,(CCGCCGC)3,(CGCCGCC)3,(CGGAGGG)3,(CGGAGGG)4,(CGGCTGT)3,(CGGCTTT)4,(CGGCTTT)6,(CGGGCGG)3,(CTGTCGG)3,(CTTCCGG)3,(CTTTCGG)3,(CTTTCGG)4,(CTTTCGG)5,(GACCTTT)3,(GAGCCAG)4,(GAGGGCG)3,(GAGGGCG)4,(GCCAGGA)4,(GCCCGCC)3,(GCCGCCC)3,(GCGGAGG)4,(GCGGAGG)5,(GCGGGCG)3,(GCTGTCG)3,(GCTTCCG)3,(GCTTTCG)3,(GCTTTCG)4,(GCTTTCG)5,(GGAGCCA)5,(GGAGGGC)3,(GGAGGGC)4,(GGCGGAG)4,(GGCGGAG)5,(GGCGGCG)3,(GGCGGGA)3,(GGCGGGC)3,(GGCTGTC)3,(GGCTTCC)3,(GGCTTTC)3,(GGCTTTC)4,(GGCTTTC)5,(GGGCGGA)3,(GGGCGGA)4,(GGGCGGC)3,(GTCGGCT)3,(GTTTTTT)3,(TCCCGGG)3,(TCGGCTG)3,(TCGGCTT)4,(TCGGCTT)6,(TGACCTT)3,(TGCGACT)3,(TGTCGGC)3,(TGTTTTT)3,(TTCCGGC)3,(TTCGGCT)3,(TTCGGCT)4,(TTCGGCT)5,(TTCGGCT)6,(TTGCGAC)3,(TTGTTTT)3,(TTTCGGC)3,(TTTCGGC)4,(TTTCGGC)5,(TTTGTTT)3,(AGAGAGCC)4,(AGAGCCAG)3,(AGCCAGAG)3,(CAGAGAGC)4,(CCAGAGAG)3,(CGCAGGCT)3,(CTACTGGG)3,(CTCTCTGT)3,(CTCTGTCT)3,(CTGTCTCT)3,(GAGAGCCA)3,(GAGCCAGA)3,(GCCAGAGA)3,(GCGCGTGC)3,(GCTACTGG)3,(GTCTCTCT)4,(TCGCAGGC)3,(TCTCTCTG)3,(TCTCTGTC)3,(TCTGTCTC)3,(TGTCTCTC)3,(ACCTAGTCA)3,(AGCAGCGGG)3,(AGCGGGAGC)3,(AGGACCTGG)3,(CAGCGGGAG)3,(CCGGGGGCT)3,(CGGGAGCAG)3,(CGGGGGCTC)3,(CTCCGGGGG)3,(GAGCAGCGG)3,(GAGGACCTG)3,(GCAGCGGGA)3,(GCGGGAGCA)3,(GCTCCGGGG)3,(GGACCTGGA)3,(GGAGCAGCG)3,(GGCTCCGGG)3,(GGGAGCAGC)3,(GGGCTCCGG)3,(GGGGCTCCG)3,(GGGGGCTCC)3,(TCCGGGGGC)3,(TGGCGGCAG)3
227,56,(AAAAAAC)3,(AAAAACA)3,(AAAACAA)3,(AAATACG)3,(AACAGCC)3,(AACCACC)3,(AACGATC)3,(AATACGA)3,(ACAGCCA)3,(ACCACCA)3,(ACGAAAT)3,(ACGATCA)3,(AGCCAAC)3,(ATACGAA)3,(ATTCACC)3,(CAACAGC)3,(CAACGAT)3,(CACCATT)3,(CAGCCAA)3,(CAGTAAC)3,(CATTCAC)3,(CATTCTC)3,(CCAACAG)3,(CCAGTAA)3,(CCATTCA)3,(CCCACCG)3,(CCCAGAT)3,(CGAAAAT)3,(CGAAATA)3,(CGAGTAT)3,(CGGTGGT)3,(CTAGAAC)3,(GAAAATC)3,(GAAATAC)3,(GACAGCG)3,(GCCAACA)3,(GCCCACC)3,(GGACAGC)3,(GGTCGGT)3,(GGTGGTC)3,(GTCGGTG)3,(GTGGTCG)3,(TACGAAA)3,(TAGAACC)3,(TCACCAT)3,(TCGAAAA)3,(TCGGTGG)3,(TGGTCGG)3,(TTCACCA)3,(ACTAGCCA)3,(AGACAGTC)3,(CAGACAGT)3,(CTAGCCAA)3,(TCCAGATC)3,(CTACTACAT)3,(TCTACTACA)3
233,70,(ACCCCAG)3,(ACCGGGA)3,(AGACCCC)3,(AGCCCCC)5,(AGGCGGG)3,(CACCCCC)3,(CAGACCC)3,(CAGCCCC)5,(CCAGACC)3,(CCAGCCC)5,(CCCAGAC)3,(CCCAGCC)5,(CCCCAGA)3,(CCCCAGC)5,(CCCCCAG)5,(CCGGGAA)3,(CGCGCCC)3,(CGGCGGG)4,(CGGGAAC)3,(CGGGCGG)3,(CGGGCTG)4,(CTGCGGG)3,(GACCCCA)3,(GAGGCGG)3,(GCCCCCA)5,(GCGGCGG)4,(GCGGGCG)3,(GCGGGCT)4,(GCTGCGG)3,(GGAGGCG)3,(GGCGCGG)3,(GGCGGCG)3,(GGCGGGC)3,(GGCTGCG)3,(GGGAACC)3,(GGGCGCG)3,(GGGCGGC)3,(GGGCTGC)3,(GTTTTTT)3,(TGCGGGC)3,(TGTTTTT)3,(TTGTTTT)3,(TTTGTTT)3,(TTTTGTT)3,(TTTTTGT)3,(TTTTTTG)3,(ACCCACAG)3,(CGCCCCTC)3,(CGGGGCTG)3,(CTGCGGGG)3,(GCGGGGCT)3,(GCTGCGGG)3,(GGCTGCGG)3,(GGGCTGCG)3,(GGGGCTGC)3,(TGCGGGGC)3,(AGCCGCCTC)3,(CAGCCGCCT)3,(CCGCCTCAG)3,(CCTCAGCCG)3,(CGCCTCAGC)3,(CTCAGCCGC)3,(GCCGCCTCA)3,(GCCTCAGCC)3,(GGGGTTGGT)3,(GGGTTGGTG)3,(GGTGGGGTT)3,(GTGGGGTTG)3,(TCAGCCGCC)3,(TGGGGTTGG)3
106,27,(CCGGGTT)3,(CGCGCCG)3,(CGCGCGC)3,(CGGGTTC)3,(GCGCCGC)3,(GCGCGCC)3,(GGGTTCC)3,(GGTTCCG)3,(TATATAT)3,(TCCGGGT)3,(TTATTTT)3,(TTTATTT)3,(TTTTATT)3,(AGGGCGCG)3,(CGAGGGCG)3,(GAGGGCGC)3,(GGCGCGAG)3,(GGGCGCGA)3,(CCTCCTGCT)3,(CCTGCTCCT)3,(CTCCTCCTG)3,(CTCCTGCTC)3,(CTGCTCCTC)3,(GCTCCTCCT)3,(TCCTCCTGC)3,(TCCTGCTCC)3,(TGCTCCTCC)3
107,44,(CCCGCCG)3,(CCCGCTG)3,(CCGCCCG)3,(CCGCCGC)3,(CCGCTGC)3,(CGCCCGC)3,(CGCCGCC)3,(CGCTGCC)3,(CTGCCCG)3,(GCCCGCC)3,(GCCCGCT)3,(GCCGCCC)3,(GCTGCCC)3,(GTTTTTT)3,(TCGACGC)3,(TGCCCGC)3,(ACCCCAGC)6,(AGCACCCC)6,(AGCCAGCG)3,(AGGCGGGC)3,(CACCCCAG)6,(CAGCACCC)5,(CAGCGAGC)3,(CAGGCGGG)3,(CCAGCACC)5,(CCAGCGAG)3,(CCCAGCAC)5,(CCCCAGCA)5,(GCACCCCA)6,(GCAGGCGG)3,(GCCAGCGA)3,(GGCAGGCG)3,(GGTTGTGG)3,(GTTGTGGG)3,(TTGTGGGG)3,(CGGCGGTGG)3,(CGGTGGCGG)4,(GCGGCGGTG)3,(GCGGTGGCG)4,(GGCGGCGGT)3,(GGCGGTGGC)3,(GGTGGCGGC)4,(GTGGCGGCG)4,(TGGCGGCGG)4
238,0
112,35,(AGCCCCG)3,(AGCCCGC)5,(CAGCCCG)4,(CCCCGAG)3,(CCCGAGC)3,(CCCGCAG)4,(CCGAGCC)3,(CCGCAGC)4,(CGAGCCC)3,(CGCAGCC)4,(CGTCTCG)3,(GAGCCCC)3,(GAGGTCA)3,(GCAGCCC)4,(GCCCGCA)4,(GCGCAGT)3,(GCGGCGG)3,(GCGGGCT)3,(GCGTCTC)3,(GGCGGCG)3,(GTCTCGC)3,(TCTCGCG)3,(CACCCCTC)3,(CCACCCCT)3,(CTCCACCC)3,(TCCACCCC)3,(CGGCGGTGG)4,(CGGTGGCGG)3,(GCGGCGGTG)4,(GCGGTGGCG)4,(GGCGGCGGT)4,(GGCGGTGGC)4,(GGTGGCGGC)3,(GTGGCGGCG)4,(TGGCGGCGG)4
113,21,(ACGGCGG)3,(CGGCGGA)3,(GACGGCG)3,(TCTTTTT)3,(TTCTTTT)3,(TTTCTTT)3,(AAACCTAA)3,(AACCTAAA)3,(ACCCTTCC)3,(ACCTAAAA)3,(CACCCTTC)3,(CCACCCTT)3,(CCTAAAAA)3,(CGCTCTCT)4,(CTCGCTCT)3,(CTCTCGCT)3,(CTCTCTCG)3,(GCTCTCTC)4,(TCGCTCTC)3,(TCTCGCTC)3,(TCTCTCGC)3
247,13,(GGAGGGA)3,(AGGCAAGC)3,(CAGGCAAG)3,(ACCGCCGCT)3,(ATGATGTCG)3,(ATGTCGATG)3,(CGATGATGT)3,(GATGATGTC)4,(GATGTCGAT)3,(GTCGATGAT)3,(TCGATGATG)3,(TGATGTCGA)3,(TGTCGATGA)3
121,69,(AGCCAGG)3,(AGGAGCC)3,(CAGGAGC)4,(CCCCTCG)3,(CCCGCCG)3,(CCCTCGC)3,(CCGCCCG)3,(CCTCGCC)3,(CCTGCGC)3,(CCTGGCT)3,(CGCCCCT)3,(CGCCCGC)3,(CGCTGGG)3,(CGGCGGC)3,(CTCCTGG)3,(CTCGCCC)3,(CTGCGCC)3,(CTGGCTC)3,(CTGGGCG)3,(GAGCCAG)3,(GCCCCTC)4,(GCCCGCC)3,(GCCGCCC)3,(GCGCTGG)3,(GCTCCTG)3,(GCTGGGC)3,(GGAGCCA)3,(GGCGCTG)3,(GGGCGCT)3,(TCCTGGC)3,(TCGCCCC)3,(TGCGCCC)3,(TGGGCGC)3,(ACTCACCC)3,(ACTTTGGT)3,(CACTCACC)3,(CCCTTCCT)3,(CTCACCCA)3,(CTTTGGTA)3,(GTACTTTG)3,(GTCCCTCT)3,(TACTTTGG)3,(TCACCCAC)3,(TCCCTTCC)3,(TGTCCCTC)3,(TTTTTTTG)3,(AAAAAAAAC)3,(CAAAAAAAA)3,(CCGGTGGGG)3,(CGGCGGTGG)4,(CGGTGCTAA)3,(CGGTGGCGG)4,(CGGTGGGGC)3,(CTACAAAAA)3,(GCCGGTGGG)3,(GCGGCGGTG)4,(GCGGTGGCG)4,(GGCCGGTGG)3,(GGCGGCGGT)4,(GGCGGTGGC)4,(GGGCCGGTG)3,(GGGCGGTTC)3,(GGTGCTAAC)3,(GGTGGCGGC)5,(GGTGGGGCC)3,(GTGCTAACG)3,(GTGGCGGCG)5,(GTGGGGCCG)3,(TGGCGGCGG)5
249,41,(CGCGGCT)3,(CGGCGGG)3,(CGGCGGG)5,(CGGCTCG)3,(CGGGAAG)3,(CGGGCGG)4,(GAAGCGG)3,(GCGGCGG)3,(GCGGCGG)5,(GCGGCTC)3,(GCGGGAA)3,(GCGGGCG)4,(GCGGGGC)3,(GCTCGCG)3,(GGAAGCG)3,(GGCGGCG)3,(GGCGGCG)5,(GGCGGGC)3,(GGCGGGC)4,(GGCTCGC)3,(GGGAAGC)3,(GGGCGGC)4,(TCGCGGC)3,(TCTGACC)3,(ATTCTATG)3,(CGTCCCAC)3,(GATTCTAT)3,(GTCCCACC)3,(TCCCACCG)3,(TGATTCTA)3,(AATATATAG)3,(AGAATATAT)3,(ATAGAATAT)3,(ATATATAGA)3,(CCGCTCCCG)3,(CGCTCCCGC)3,(GAATATATA)3,(GCCGCTCCC)3,(TAGAATATA)3,(TATAGAATA)3,(TATATAGAA)3
250,64,(AGCCCCG)3,(AGCCCCG)4,(AGCCGGG)3,(AGGCGGG)3,(AGGCGGG)4,(CCCCCCG)3,(CCCCGAG)3,(CCCGAGC)3,(CCGAGCC)3,(CCGCCCC)3,(CGAGCCC)3,(CGCCCCC)3,(CGCCCCG)3,(CGCGGGG)3,(CGGCGGG)3,(CGGCGGG)7,(CGGGAGG)3,(CGGGCAG)3,(CGGGCGG)7,(CGGGGCG)3,(GAGCCCC)3,(GAGCCCC)4,(GAGCCGG)3,(GAGGCGG)3,(GAGGCGG)4,(GCCCCCC)3,(GCCCCGA)3,(GCCCCGC)3,(GCGGCGG)3,(GCGGCGG)7,(GCGGGAG)3,(GCGGGCA)3,(GCGGGCG)3,(GCGGGGC)3,(GGAGCCG)3,(GGAGGCG)3,(GGCAGCG)3,(GGCGGCG)3,(GGCGGCG)7,(GGCGGGA)3,(GGCGGGC)3,(GGCGGGC)7,(GGGAGGC)3,(GGGCAGC)3,(GGGCGGC)7,(GTTTTTT)3,(TGTTTTT)3,(TTGTTTT)3,(TTTGTTT)3,(TTTTGTT)3,(TTTTTGT)3,(AGAAAGCC)3,(AGCCGGGG)4,(CCGGGGAG)3,(CGGGGAGC)3,(CTCCCCGG)3,(GAAAGCCA)3,(GAGCCGGG)3,(GCCGGGGA)3,(GGAGCCGG)3,(GGGAGCCG)3,(GGGGAGCC)3,(TCCCCGGC)3,(GCGCGGCGG)3
123,7,(AGTCCGCC)3,(CAGTCCGC)3,(CCAGTCCG)3,(CCGCCAGT)3,(CGCCAGTC)3,(GCCAGTCC)3,(GGCTGCCC)3
253,18,(ATTTATT)3,(ATTTTTT)3,(CTTTTTT)3,(TATTTAT)3,(TCTTTTT)3,(TTATTTA)3,(TTCTTTT)3,(TTTCTTT)3,(TTTTCTT)3,(TTTTTCT)3,(ATTCTGTG)3,(CTGTGATT)3,(TATTTTAA)3,(TCTGTGAT)3,(TGTGATTC)3,(TTCTGTGA)3,(TATGGTGTT)3,(TTATGGTGT)3
126,29,(CCAGCGC)3,(CCCAGCG)3,(CCCCCCG)3,(CCCCCGC)3,(CCCCCTG)3,(CCCCGCC)3,(CCCCTGC)4,(CCCGCCC)3,(CCCTGCC)4,(CCGCCCC)3,(CCTGCCC)3,(CGCCCCC)3,(CGGGCGG)3,(CTGCCCC)3,(GCCCCCC)3,(GCCCCCT)3,(GGCGGCG)3,(TGCCCCC)3,(TTGCCAC)3,(CCCGCGGC)3,(CCGCGGCC)3,(CGCGGCCC)3,(CGGCCCCG)3,(GCGGCCCC)3,(GGCCCCGC)3,(TTTTTTTC)3,(CGGAGCCAG)3,(GCGGAGCCA)3,(GGAGCCAGC)3
254,38,(ATTTTTC)3,(CCCTCCG)3,(CCGCCCT)3,(CCGGGAG)3,(CCTCCGC)3,(CGAGCGC)3,(CGCCCTC)3,(CGCGGGT)3,(CGGGAGC)3,(CGGGTCG)3,(GCCCTCC)3,(GCGGGCC)3,(GCGGGTC)3,(GGCGCGG)3,(GGGAGCC)3,(GGGTCGC)3,(GGTCGCG)3,(GTCGCGG)3,(TCCGCCC)3,(TCGCGGG)3,(AAGAGGAGG)3,(AGAGGAGGA)3,(AGGAAGAGG)3,(AGGAGGAAG)3,(ATCCGGCGC)4,(CATCCGGCG)4,(CCGGCGCAT)4,(CGCATCCGG)4,(CGGCGCATC)4,(GAAGAGGAG)3,(GAGGAAGAG)3,(GAGGAGGAA)3,(GCATCCGGC)4,(GCGCATCCG)4,(GGAAGAGGA)3,(GGAGGAAGA)3,(GGCGCATCC)4,(TCCGGCGCA)4
255,52,(CGGGGGG)3,(GCGGGGG)3,(GGGGGGC)3,(TGGCGTG)3,(ACCCAGCC)3,(AGCCACCC)3,(AGCCTCGC)3,(CACACCGG)3,(CACCCAGC)4,(CAGCCACC)3,(CCACCCAG)4,(CCAGCCAC)3,(CCCAGCCA)3,(CCGGCACA)3,(CCTCCCCG)3,(CCTCGCAG)3,(CCTGCCAC)3,(CGCAGCCT)3,(CGGCACAC)3,(CGGGGCTG)3,(CTCGCAGC)3,(CTCGGGGC)3,(GCACACCG)3,(GCAGCCTC)3,(GCCACCCA)3,(GCCTCCCC)3,(GCCTCGCA)3,(GCGGGGCT)3,(GGCACACC)3,(GGGGCTGC)3,(TCGCAGCC)3,(AGCGCCCTC)3,(CAGCGCCCT)3,(CCCTCAGCG)4,(CCGCCGCCT)3,(CCGCCTCCG)3,(CCGCGTCCG)3,(CCGGGAGGA)3,(CCTCAGCGC)4,(CGCCCTCAG)4,(CGCCGCCTC)3,(CGCCTCCGC)3,(CGCGTCCGC)3,(CGGGAGGAC)3,(CTCAGCGCC)3,(GCCCTCAGC)4,(GCCGCCTCC)3,(GCCTCCGCC)3,(GCGCCCTCA)3,(GCGTCCGCC)3,(GGGAGGACC)3,(TCAGCGCCC)3
